customer_id,store_id,first_name,last_name,email,address_id,phone,deposit,active,create_date,last_update
1,1,MARY,SMITH,MARY.SMITH@sakilacustomer.org,5,28303384290,0,1,14/02/2006 22:04,15/02/2006 04:57
2,1,PATRICIA,JOHNSON,PATRICIA.JOHNSON@sakilacustomer.org,6,8.39E+11,0,1,14/02/2006 22:04,15/02/2006 04:57
3,1,LINDA,WILLIAMS,LINDA.WILLIAMS@sakilacustomer.org,7,4.48E+11,0,1,14/02/2006 22:04,15/02/2006 04:57
4,2,BARBARA,JONES,BARBARA.JONES@sakilacustomer.org,8,7.06E+11,0,1,14/02/2006 22:04,15/02/2006 04:57
5,1,ELIZABETH,BROWN,ELIZABETH.BROWN@sakilacustomer.org,9,10655648674,0,1,14/02/2006 22:04,15/02/2006 04:57
6,2,JENNIFER,DAVIS,JENNIFER.DAVIS@sakilacustomer.org,10,8.60E+11,0,1,14/02/2006 22:04,15/02/2006 04:57
7,1,MARIA,MILLER,MARIA.MILLER@sakilacustomer.org,11,7.17E+11,0,1,14/02/2006 22:04,15/02/2006 04:57
8,2,SUSAN,WILSON,SUSAN.WILSON@sakilacustomer.org,12,6.57E+11,0,1,14/02/2006 22:04,15/02/2006 04:57
9,2,MARGARET,MOORE,MARGARET.MOORE@sakilacustomer.org,13,3.81E+11,0,1,14/02/2006 22:04,15/02/2006 04:57
10,1,DOROTHY,TAYLOR,DOROTHY.TAYLOR@sakilacustomer.org,14,6.49E+11,0,1,14/02/2006 22:04,15/02/2006 04:57
11,2,LISA,ANDERSON,LISA.ANDERSON@sakilacustomer.org,15,6.35E+11,0,1,14/02/2006 22:04,15/02/2006 04:57
12,1,NANCY,THOMAS,NANCY.THOMAS@sakilacustomer.org,16,4.66E+11,0,1,14/02/2006 22:04,15/02/2006 04:57
13,2,KAREN,JACKSON,KAREN.JACKSON@sakilacustomer.org,17,6.95E+11,0,1,14/02/2006 22:04,15/02/2006 04:57
14,2,BETTY,WHITE,BETTY.WHITE@sakilacustomer.org,18,5.17E+11,0,1,14/02/2006 22:04,15/02/2006 04:57
15,1,HELEN,HARRIS,HELEN.HARRIS@sakilacustomer.org,19,9.91E+11,0,1,14/02/2006 22:04,15/02/2006 04:57
16,2,SANDRA,MARTIN,SANDRA.MARTIN@sakilacustomer.org,20,9.49E+11,0,0,14/02/2006 22:04,15/02/2006 04:57
17,1,DONNA,THOMPSON,DONNA.THOMPSON@sakilacustomer.org,21,4.08E+11,0,1,14/02/2006 22:04,15/02/2006 04:57
18,2,CAROL,GARCIA,CAROL.GARCIA@sakilacustomer.org,22,7.48E+11,0,1,14/02/2006 22:04,15/02/2006 04:57
19,1,RUTH,MARTINEZ,RUTH.MARTINEZ@sakilacustomer.org,23,2.73E+11,0,1,14/02/2006 22:04,15/02/2006 04:57
20,2,SHARON,ROBINSON,SHARON.ROBINSON@sakilacustomer.org,24,1.44E+11,0,1,14/02/2006 22:04,15/02/2006 04:57
21,1,MICHELLE,CLARK,MICHELLE.CLARK@sakilacustomer.org,25,8.93E+11,0,1,14/02/2006 22:04,15/02/2006 04:57
22,1,LAURA,RODRIGUEZ,LAURA.RODRIGUEZ@sakilacustomer.org,26,1.62E+11,0,1,14/02/2006 22:04,15/02/2006 04:57
23,2,SARAH,LEWIS,SARAH.LEWIS@sakilacustomer.org,27,9.03E+11,0,1,14/02/2006 22:04,15/02/2006 04:57
24,2,KIMBERLY,LEE,KIMBERLY.LEE@sakilacustomer.org,28,9.35E+11,0,1,14/02/2006 22:04,15/02/2006 04:57
25,1,DEBORAH,WALKER,DEBORAH.WALKER@sakilacustomer.org,29,1.96E+11,0,1,14/02/2006 22:04,15/02/2006 04:57
26,2,JESSICA,HALL,JESSICA.HALL@sakilacustomer.org,30,9.98E+11,0,1,14/02/2006 22:04,15/02/2006 04:57
27,2,SHIRLEY,ALLEN,SHIRLEY.ALLEN@sakilacustomer.org,31,6.65E+11,0,1,14/02/2006 22:04,15/02/2006 04:57
28,1,CYNTHIA,YOUNG,CYNTHIA.YOUNG@sakilacustomer.org,32,6.78E+11,0,1,14/02/2006 22:04,15/02/2006 04:57
29,2,ANGELA,HERNANDEZ,ANGELA.HERNANDEZ@sakilacustomer.org,33,18461860151,0,1,14/02/2006 22:04,15/02/2006 04:57
30,1,MELISSA,KING,MELISSA.KING@sakilacustomer.org,34,5.25E+11,0,1,14/02/2006 22:04,15/02/2006 04:57
31,2,BRENDA,WRIGHT,BRENDA.WRIGHT@sakilacustomer.org,35,7.46E+11,0,1,14/02/2006 22:04,15/02/2006 04:57
32,1,AMY,LOPEZ,AMY.LOPEZ@sakilacustomer.org,36,6.28E+11,0,1,14/02/2006 22:04,15/02/2006 04:57
33,2,ANNA,HILL,ANNA.HILL@sakilacustomer.org,37,9.12E+11,0,1,14/02/2006 22:04,15/02/2006 04:57
34,2,REBECCA,SCOTT,REBECCA.SCOTT@sakilacustomer.org,38,7.08E+11,0,1,14/02/2006 22:04,15/02/2006 04:57
35,2,VIRGINIA,GREEN,VIRGINIA.GREEN@sakilacustomer.org,39,4.41E+11,0,1,14/02/2006 22:04,15/02/2006 04:57
36,2,KATHLEEN,ADAMS,KATHLEEN.ADAMS@sakilacustomer.org,40,4.81E+11,0,1,14/02/2006 22:04,15/02/2006 04:57
37,1,PAMELA,BAKER,PAMELA.BAKER@sakilacustomer.org,41,9.12E+11,0,1,14/02/2006 22:04,15/02/2006 04:57
38,1,MARTHA,GONZALEZ,MARTHA.GONZALEZ@sakilacustomer.org,42,4.90E+11,0,1,14/02/2006 22:04,15/02/2006 04:57
39,1,DEBRA,NELSON,DEBRA.NELSON@sakilacustomer.org,43,3.78E+11,0,1,14/02/2006 22:04,15/02/2006 04:57
40,2,AMANDA,CARTER,AMANDA.CARTER@sakilacustomer.org,44,6.81E+11,0,1,14/02/2006 22:04,15/02/2006 04:57
41,1,STEPHANIE,MITCHELL,STEPHANIE.MITCHELL@sakilacustomer.org,45,42384721397,0,1,14/02/2006 22:04,15/02/2006 04:57
42,2,CAROLYN,PEREZ,CAROLYN.PEREZ@sakilacustomer.org,46,4.72E+11,0,1,14/02/2006 22:04,15/02/2006 04:57
43,2,CHRISTINE,ROBERTS,CHRISTINE.ROBERTS@sakilacustomer.org,47,5.40E+11,0,1,14/02/2006 22:04,15/02/2006 04:57
44,1,MARIE,TURNER,MARIE.TURNER@sakilacustomer.org,48,1.78E+11,0,1,14/02/2006 22:04,15/02/2006 04:57
45,1,JANET,PHILLIPS,JANET.PHILLIPS@sakilacustomer.org,49,6.75E+11,0,1,14/02/2006 22:04,15/02/2006 04:57
46,2,CATHERINE,CAMPBELL,CATHERINE.CAMPBELL@sakilacustomer.org,50,2.62E+11,0,1,14/02/2006 22:04,15/02/2006 04:57
47,1,FRANCES,PARKER,FRANCES.PARKER@sakilacustomer.org,51,69493378813,0,1,14/02/2006 22:04,15/02/2006 04:57
48,1,ANN,EVANS,ANN.EVANS@sakilacustomer.org,52,7.06E+11,0,1,14/02/2006 22:04,15/02/2006 04:57
49,2,JOYCE,EDWARDS,JOYCE.EDWARDS@sakilacustomer.org,53,8.76E+11,0,1,14/02/2006 22:04,15/02/2006 04:57
50,1,DIANE,COLLINS,DIANE.COLLINS@sakilacustomer.org,54,3.08E+11,0,1,14/02/2006 22:04,15/02/2006 04:57
51,1,ALICE,STEWART,ALICE.STEWART@sakilacustomer.org,55,1.72E+11,0,1,14/02/2006 22:04,15/02/2006 04:57
52,1,JULIE,SANCHEZ,JULIE.SANCHEZ@sakilacustomer.org,56,6.80E+11,0,1,14/02/2006 22:04,15/02/2006 04:57
53,1,HEATHER,MORRIS,HEATHER.MORRIS@sakilacustomer.org,57,6.98E+11,0,1,14/02/2006 22:04,15/02/2006 04:57
54,1,TERESA,ROGERS,TERESA.ROGERS@sakilacustomer.org,58,9.21E+11,0,1,14/02/2006 22:04,15/02/2006 04:57
55,2,DORIS,REED,DORIS.REED@sakilacustomer.org,59,4.99E+11,0,1,14/02/2006 22:04,15/02/2006 04:57
56,1,GLORIA,COOK,GLORIA.COOK@sakilacustomer.org,60,3.47E+11,0,1,14/02/2006 22:04,15/02/2006 04:57
57,2,EVELYN,MORGAN,EVELYN.MORGAN@sakilacustomer.org,61,8.89E+11,0,1,14/02/2006 22:04,15/02/2006 04:57
58,1,JEAN,BELL,JEAN.BELL@sakilacustomer.org,62,2.13E+11,0,1,14/02/2006 22:04,15/02/2006 04:57
59,1,CHERYL,MURPHY,CHERYL.MURPHY@sakilacustomer.org,63,8.00E+11,0,1,14/02/2006 22:04,15/02/2006 04:57
60,1,MILDRED,BAILEY,MILDRED.BAILEY@sakilacustomer.org,64,2.51E+11,0,1,14/02/2006 22:04,15/02/2006 04:57
61,2,KATHERINE,RIVERA,KATHERINE.RIVERA@sakilacustomer.org,65,1395251317,0,1,14/02/2006 22:04,15/02/2006 04:57
62,1,JOAN,COOPER,JOAN.COOPER@sakilacustomer.org,66,9.14E+11,0,1,14/02/2006 22:04,15/02/2006 04:57
63,1,ASHLEY,RICHARDSON,ASHLEY.RICHARDSON@sakilacustomer.org,67,4.91E+11,0,1,14/02/2006 22:04,15/02/2006 04:57
64,2,JUDITH,COX,JUDITH.COX@sakilacustomer.org,68,3.33E+11,0,0,14/02/2006 22:04,15/02/2006 04:57
65,2,ROSE,HOWARD,ROSE.HOWARD@sakilacustomer.org,69,4.10E+11,0,1,14/02/2006 22:04,15/02/2006 04:57
66,2,JANICE,WARD,JANICE.WARD@sakilacustomer.org,70,6.63E+11,0,1,14/02/2006 22:04,15/02/2006 04:57
67,1,KELLY,TORRES,KELLY.TORRES@sakilacustomer.org,71,9.47E+11,0,1,14/02/2006 22:04,15/02/2006 04:57
68,1,NICOLE,PETERSON,NICOLE.PETERSON@sakilacustomer.org,72,9.90E+11,0,1,14/02/2006 22:04,15/02/2006 04:57
69,2,JUDY,GRAY,JUDY.GRAY@sakilacustomer.org,73,1.07E+11,0,1,14/02/2006 22:04,15/02/2006 04:57
70,2,CHRISTINA,RAMIREZ,CHRISTINA.RAMIREZ@sakilacustomer.org,74,4.08E+11,0,1,14/02/2006 22:04,15/02/2006 04:57
71,1,KATHY,JAMES,KATHY.JAMES@sakilacustomer.org,75,5.65E+11,0,1,14/02/2006 22:04,15/02/2006 04:57
72,2,THERESA,WATSON,THERESA.WATSON@sakilacustomer.org,76,2.56E+11,0,1,14/02/2006 22:04,15/02/2006 04:57
73,2,BEVERLY,BROOKS,BEVERLY.BROOKS@sakilacustomer.org,77,4.27E+11,0,1,14/02/2006 22:04,15/02/2006 04:57
74,1,DENISE,KELLY,DENISE.KELLY@sakilacustomer.org,78,2.42E+11,0,1,14/02/2006 22:04,15/02/2006 04:57
75,2,TAMMY,SANDERS,TAMMY.SANDERS@sakilacustomer.org,79,2.51E+11,0,1,14/02/2006 22:04,15/02/2006 04:57
76,2,IRENE,PRICE,IRENE.PRICE@sakilacustomer.org,80,8.96E+11,0,1,14/02/2006 22:04,15/02/2006 04:57
77,2,JANE,BENNETT,JANE.BENNETT@sakilacustomer.org,81,9.19E+11,0,1,14/02/2006 22:04,15/02/2006 04:57
78,1,LORI,WOOD,LORI.WOOD@sakilacustomer.org,82,8.76E+11,0,1,14/02/2006 22:04,15/02/2006 04:57
79,1,RACHEL,BARNES,RACHEL.BARNES@sakilacustomer.org,83,18581624103,0,1,14/02/2006 22:04,15/02/2006 04:57
80,1,MARILYN,ROSS,MARILYN.ROSS@sakilacustomer.org,84,7.01E+11,0,1,14/02/2006 22:04,15/02/2006 04:57
81,1,ANDREA,HENDERSON,ANDREA.HENDERSON@sakilacustomer.org,85,2.24E+11,0,1,14/02/2006 22:04,15/02/2006 04:57
82,1,KATHRYN,COLEMAN,KATHRYN.COLEMAN@sakilacustomer.org,86,8.22E+11,0,1,14/02/2006 22:04,15/02/2006 04:57
83,1,LOUISE,JENKINS,LOUISE.JENKINS@sakilacustomer.org,87,8.01E+11,0,1,14/02/2006 22:04,15/02/2006 04:57
84,2,SARA,PERRY,SARA.PERRY@sakilacustomer.org,88,48417642933,0,1,14/02/2006 22:04,15/02/2006 04:57
85,2,ANNE,POWELL,ANNE.POWELL@sakilacustomer.org,89,7.21E+11,0,1,14/02/2006 22:04,15/02/2006 04:57
86,2,JACQUELINE,LONG,JACQUELINE.LONG@sakilacustomer.org,90,1.35E+11,0,1,14/02/2006 22:04,15/02/2006 04:57
87,1,WANDA,PATTERSON,WANDA.PATTERSON@sakilacustomer.org,91,1.98E+11,0,1,14/02/2006 22:04,15/02/2006 04:57
88,2,BONNIE,HUGHES,BONNIE.HUGHES@sakilacustomer.org,92,9.79E+11,0,1,14/02/2006 22:04,15/02/2006 04:57
89,1,JULIA,FLORES,JULIA.FLORES@sakilacustomer.org,93,8.46E+11,0,1,14/02/2006 22:04,15/02/2006 04:57
90,2,RUBY,WASHINGTON,RUBY.WASHINGTON@sakilacustomer.org,94,9.92E+11,0,1,14/02/2006 22:04,15/02/2006 04:57
91,2,LOIS,BUTLER,LOIS.BUTLER@sakilacustomer.org,95,3.46E+11,0,1,14/02/2006 22:04,15/02/2006 04:57
92,2,TINA,SIMMONS,TINA.SIMMONS@sakilacustomer.org,96,1.33E+11,0,1,14/02/2006 22:04,15/02/2006 04:57
93,1,PHYLLIS,FOSTER,PHYLLIS.FOSTER@sakilacustomer.org,97,2.76E+11,0,1,14/02/2006 22:04,15/02/2006 04:57
94,1,NORMA,GONZALES,NORMA.GONZALES@sakilacustomer.org,98,8.35E+11,0,1,14/02/2006 22:04,15/02/2006 04:57
95,2,PAULA,BRYANT,PAULA.BRYANT@sakilacustomer.org,99,4764773857,0,1,14/02/2006 22:04,15/02/2006 04:57
96,1,DIANA,ALEXANDER,DIANA.ALEXANDER@sakilacustomer.org,100,6171054059,0,1,14/02/2006 22:04,15/02/2006 04:57
97,2,ANNIE,RUSSELL,ANNIE.RUSSELL@sakilacustomer.org,101,8.17E+11,0,1,14/02/2006 22:04,15/02/2006 04:57
98,1,LILLIAN,GRIFFIN,LILLIAN.GRIFFIN@sakilacustomer.org,102,4.13E+11,0,1,14/02/2006 22:04,15/02/2006 04:57
99,2,EMILY,DIAZ,EMILY.DIAZ@sakilacustomer.org,103,3.33E+11,0,1,14/02/2006 22:04,15/02/2006 04:57
100,1,ROBIN,HAYES,ROBIN.HAYES@sakilacustomer.org,104,9.43E+11,0,1,14/02/2006 22:04,15/02/2006 04:57
101,1,PEGGY,MYERS,PEGGY.MYERS@sakilacustomer.org,105,1.97E+11,0,1,14/02/2006 22:04,15/02/2006 04:57
102,1,CRYSTAL,FORD,CRYSTAL.FORD@sakilacustomer.org,106,7.10E+11,0,1,14/02/2006 22:04,15/02/2006 04:57
103,1,GLADYS,HAMILTON,GLADYS.HAMILTON@sakilacustomer.org,107,4.84E+11,0,1,14/02/2006 22:04,15/02/2006 04:57
104,1,RITA,GRAHAM,RITA.GRAHAM@sakilacustomer.org,108,4.49E+11,0,1,14/02/2006 22:04,15/02/2006 04:57
105,1,DAWN,SULLIVAN,DAWN.SULLIVAN@sakilacustomer.org,109,9.64E+11,0,1,14/02/2006 22:04,15/02/2006 04:57
106,1,CONNIE,WALLACE,CONNIE.WALLACE@sakilacustomer.org,110,5.47E+11,0,1,14/02/2006 22:04,15/02/2006 04:57
107,1,FLORENCE,WOODS,FLORENCE.WOODS@sakilacustomer.org,111,3.31E+11,0,1,14/02/2006 22:04,15/02/2006 04:57
108,1,TRACY,COLE,TRACY.COLE@sakilacustomer.org,112,3.71E+11,0,1,14/02/2006 22:04,15/02/2006 04:57
109,2,EDNA,WEST,EDNA.WEST@sakilacustomer.org,113,6.22E+11,0,1,14/02/2006 22:04,15/02/2006 04:57
110,2,TIFFANY,JORDAN,TIFFANY.JORDAN@sakilacustomer.org,114,3.80E+11,0,1,14/02/2006 22:04,15/02/2006 04:57
111,1,CARMEN,OWENS,CARMEN.OWENS@sakilacustomer.org,115,2.72E+11,0,1,14/02/2006 22:04,15/02/2006 04:57
112,2,ROSA,REYNOLDS,ROSA.REYNOLDS@sakilacustomer.org,116,8.24E+11,0,1,14/02/2006 22:04,15/02/2006 04:57
113,2,CINDY,FISHER,CINDY.FISHER@sakilacustomer.org,117,3.58E+11,0,1,14/02/2006 22:04,15/02/2006 04:57
114,2,GRACE,ELLIS,GRACE.ELLIS@sakilacustomer.org,118,8.87E+11,0,1,14/02/2006 22:04,15/02/2006 04:57
115,1,WENDY,HARRISON,WENDY.HARRISON@sakilacustomer.org,119,8.68E+11,0,1,14/02/2006 22:04,15/02/2006 04:57
116,1,VICTORIA,GIBSON,VICTORIA.GIBSON@sakilacustomer.org,120,3.87E+11,0,1,14/02/2006 22:04,15/02/2006 04:57
117,1,EDITH,MCDONALD,EDITH.MCDONALD@sakilacustomer.org,121,5.78E+11,0,1,14/02/2006 22:04,15/02/2006 04:57
118,1,KIM,CRUZ,KIM.CRUZ@sakilacustomer.org,122,9.09E+11,0,1,14/02/2006 22:04,15/02/2006 04:57
119,1,SHERRY,MARSHALL,SHERRY.MARSHALL@sakilacustomer.org,123,7.88E+11,0,1,14/02/2006 22:04,15/02/2006 04:57
120,2,SYLVIA,ORTIZ,SYLVIA.ORTIZ@sakilacustomer.org,124,7.65E+11,0,1,14/02/2006 22:04,15/02/2006 04:57
121,1,JOSEPHINE,GOMEZ,JOSEPHINE.GOMEZ@sakilacustomer.org,125,6.66E+11,0,1,14/02/2006 22:04,15/02/2006 04:57
122,1,THELMA,MURRAY,THELMA.MURRAY@sakilacustomer.org,126,9.37E+11,0,1,14/02/2006 22:04,15/02/2006 04:57
123,2,SHANNON,FREEMAN,SHANNON.FREEMAN@sakilacustomer.org,127,6.78E+11,0,1,14/02/2006 22:04,15/02/2006 04:57
124,1,SHEILA,WELLS,SHEILA.WELLS@sakilacustomer.org,128,6.15E+11,0,0,14/02/2006 22:04,15/02/2006 04:57
125,1,ETHEL,WEBB,ETHEL.WEBB@sakilacustomer.org,129,4.90E+11,0,1,14/02/2006 22:04,15/02/2006 04:57
126,1,ELLEN,SIMPSON,ELLEN.SIMPSON@sakilacustomer.org,130,5.83E+11,0,1,14/02/2006 22:04,15/02/2006 04:57
127,2,ELAINE,STEVENS,ELAINE.STEVENS@sakilacustomer.org,131,2.37E+11,0,1,14/02/2006 22:04,15/02/2006 04:57
128,1,MARJORIE,TUCKER,MARJORIE.TUCKER@sakilacustomer.org,132,9.73E+11,0,1,14/02/2006 22:04,15/02/2006 04:57
129,1,CARRIE,PORTER,CARRIE.PORTER@sakilacustomer.org,133,5.09E+11,0,1,14/02/2006 22:04,15/02/2006 04:57
130,1,CHARLOTTE,HUNTER,CHARLOTTE.HUNTER@sakilacustomer.org,134,9.35E+11,0,1,14/02/2006 22:04,15/02/2006 04:57
131,2,MONICA,HICKS,MONICA.HICKS@sakilacustomer.org,135,2.52E+11,0,1,14/02/2006 22:04,15/02/2006 04:57
132,2,ESTHER,CRAWFORD,ESTHER.CRAWFORD@sakilacustomer.org,136,7.07E+11,0,1,14/02/2006 22:04,15/02/2006 04:57
133,1,PAULINE,HENRY,PAULINE.HENRY@sakilacustomer.org,137,3.22E+11,0,1,14/02/2006 22:04,15/02/2006 04:57
134,1,EMMA,BOYD,EMMA.BOYD@sakilacustomer.org,138,23712411567,0,1,14/02/2006 22:04,15/02/2006 04:57
135,2,JUANITA,MASON,JUANITA.MASON@sakilacustomer.org,139,90921003005,0,1,14/02/2006 22:04,15/02/2006 04:57
136,2,ANITA,MORALES,ANITA.MORALES@sakilacustomer.org,140,1.46E+11,0,1,14/02/2006 22:04,15/02/2006 04:57
137,2,RHONDA,KENNEDY,RHONDA.KENNEDY@sakilacustomer.org,141,9.63E+11,0,1,14/02/2006 22:04,15/02/2006 04:57
138,1,HAZEL,WARREN,HAZEL.WARREN@sakilacustomer.org,142,4.68E+11,0,1,14/02/2006 22:04,15/02/2006 04:57
139,1,AMBER,DIXON,AMBER.DIXON@sakilacustomer.org,143,33173584456,0,1,14/02/2006 22:04,15/02/2006 04:57
140,1,EVA,RAMOS,EVA.RAMOS@sakilacustomer.org,144,9099941466,0,1,14/02/2006 22:04,15/02/2006 04:57
141,1,DEBBIE,REYES,DEBBIE.REYES@sakilacustomer.org,145,5.82E+11,0,1,14/02/2006 22:04,15/02/2006 04:57
142,1,APRIL,BURNS,APRIL.BURNS@sakilacustomer.org,146,5.81E+11,0,1,14/02/2006 22:04,15/02/2006 04:57
143,1,LESLIE,GORDON,LESLIE.GORDON@sakilacustomer.org,147,9.23E+11,0,1,14/02/2006 22:04,15/02/2006 04:57
144,1,CLARA,SHAW,CLARA.SHAW@sakilacustomer.org,148,5.64E+11,0,1,14/02/2006 22:04,15/02/2006 04:57
145,1,LUCILLE,HOLMES,LUCILLE.HOLMES@sakilacustomer.org,149,9.18E+11,0,1,14/02/2006 22:04,15/02/2006 04:57
146,1,JAMIE,RICE,JAMIE.RICE@sakilacustomer.org,150,2.07E+11,0,1,14/02/2006 22:04,15/02/2006 04:57
147,2,JOANNE,ROBERTSON,JOANNE.ROBERTSON@sakilacustomer.org,151,5.98E+11,0,1,14/02/2006 22:04,15/02/2006 04:57
148,1,ELEANOR,HUNT,ELEANOR.HUNT@sakilacustomer.org,152,3.55E+11,0,1,14/02/2006 22:04,15/02/2006 04:57
149,1,VALERIE,BLACK,VALERIE.BLACK@sakilacustomer.org,153,8.86E+11,0,1,14/02/2006 22:04,15/02/2006 04:57
150,2,DANIELLE,DANIELS,DANIELLE.DANIELS@sakilacustomer.org,154,6.32E+11,0,1,14/02/2006 22:04,15/02/2006 04:57
151,2,MEGAN,PALMER,MEGAN.PALMER@sakilacustomer.org,155,1.89E+11,0,1,14/02/2006 22:04,15/02/2006 04:57
152,1,ALICIA,MILLS,ALICIA.MILLS@sakilacustomer.org,156,7.61E+11,0,1,14/02/2006 22:04,15/02/2006 04:57
153,2,SUZANNE,NICHOLS,SUZANNE.NICHOLS@sakilacustomer.org,157,7.19E+11,0,1,14/02/2006 22:04,15/02/2006 04:57
154,2,MICHELE,GRANT,MICHELE.GRANT@sakilacustomer.org,158,4.99E+11,0,1,14/02/2006 22:04,15/02/2006 04:57
155,1,GAIL,KNIGHT,GAIL.KNIGHT@sakilacustomer.org,159,9.04E+11,0,1,14/02/2006 22:04,15/02/2006 04:57
156,1,BERTHA,FERGUSON,BERTHA.FERGUSON@sakilacustomer.org,160,8.90E+11,0,1,14/02/2006 22:04,15/02/2006 04:57
157,2,DARLENE,ROSE,DARLENE.ROSE@sakilacustomer.org,161,3.69E+11,0,1,14/02/2006 22:04,15/02/2006 04:57
158,1,VERONICA,STONE,VERONICA.STONE@sakilacustomer.org,162,1.70E+11,0,1,14/02/2006 22:04,15/02/2006 04:57
159,1,JILL,HAWKINS,JILL.HAWKINS@sakilacustomer.org,163,9.31E+11,0,1,14/02/2006 22:04,15/02/2006 04:57
160,2,ERIN,DUNN,ERIN.DUNN@sakilacustomer.org,164,1.50E+11,0,1,14/02/2006 22:04,15/02/2006 04:57
161,1,GERALDINE,PERKINS,GERALDINE.PERKINS@sakilacustomer.org,165,1.77E+11,0,1,14/02/2006 22:04,15/02/2006 04:57
162,2,LAUREN,HUDSON,LAUREN.HUDSON@sakilacustomer.org,166,1.68E+11,0,1,14/02/2006 22:04,15/02/2006 04:57
163,1,CATHY,SPENCER,CATHY.SPENCER@sakilacustomer.org,167,8.19E+11,0,1,14/02/2006 22:04,15/02/2006 04:57
164,2,JOANN,GARDNER,JOANN.GARDNER@sakilacustomer.org,168,6.97E+11,0,1,14/02/2006 22:04,15/02/2006 04:57
165,2,LORRAINE,STEPHENS,LORRAINE.STEPHENS@sakilacustomer.org,169,9.36E+11,0,1,14/02/2006 22:04,15/02/2006 04:57
166,1,LYNN,PAYNE,LYNN.PAYNE@sakilacustomer.org,170,8.44E+11,0,1,14/02/2006 22:04,15/02/2006 04:57
167,2,SALLY,PIERCE,SALLY.PIERCE@sakilacustomer.org,171,1.82E+11,0,1,14/02/2006 22:04,15/02/2006 04:57
168,1,REGINA,BERRY,REGINA.BERRY@sakilacustomer.org,172,2.02E+11,0,1,14/02/2006 22:04,15/02/2006 04:57
169,2,ERICA,MATTHEWS,ERICA.MATTHEWS@sakilacustomer.org,173,1.62E+11,0,0,14/02/2006 22:04,15/02/2006 04:57
170,1,BEATRICE,ARNOLD,BEATRICE.ARNOLD@sakilacustomer.org,174,2.65E+11,0,1,14/02/2006 22:04,15/02/2006 04:57
171,2,DOLORES,WAGNER,DOLORES.WAGNER@sakilacustomer.org,175,2.76E+11,0,1,14/02/2006 22:04,15/02/2006 04:57
172,1,BERNICE,WILLIS,BERNICE.WILLIS@sakilacustomer.org,176,7.35E+11,0,1,14/02/2006 22:04,15/02/2006 04:57
173,1,AUDREY,RAY,AUDREY.RAY@sakilacustomer.org,177,4.93E+11,0,1,14/02/2006 22:04,15/02/2006 04:57
174,2,YVONNE,WATKINS,YVONNE.WATKINS@sakilacustomer.org,178,48265851133,0,1,14/02/2006 22:04,15/02/2006 04:57
175,1,ANNETTE,OLSON,ANNETTE.OLSON@sakilacustomer.org,179,2.30E+11,0,1,14/02/2006 22:04,15/02/2006 04:57
176,1,JUNE,CARROLL,JUNE.CARROLL@sakilacustomer.org,180,5.06E+11,0,1,14/02/2006 22:04,15/02/2006 04:57
177,2,SAMANTHA,DUNCAN,SAMANTHA.DUNCAN@sakilacustomer.org,181,9.54E+11,0,1,14/02/2006 22:04,15/02/2006 04:57
178,2,MARION,SNYDER,MARION.SNYDER@sakilacustomer.org,182,3.91E+11,0,1,14/02/2006 22:04,15/02/2006 04:57
179,1,DANA,HART,DANA.HART@sakilacustomer.org,183,8.66E+11,0,1,14/02/2006 22:04,15/02/2006 04:57
180,2,STACY,CUNNINGHAM,STACY.CUNNINGHAM@sakilacustomer.org,184,1.04E+11,0,1,14/02/2006 22:04,15/02/2006 04:57
181,2,ANA,BRADLEY,ANA.BRADLEY@sakilacustomer.org,185,72136330362,0,1,14/02/2006 22:04,15/02/2006 04:57
182,1,RENEE,LANE,RENEE.LANE@sakilacustomer.org,186,6.62E+11,0,1,14/02/2006 22:04,15/02/2006 04:57
183,2,IDA,ANDREWS,IDA.ANDREWS@sakilacustomer.org,187,9.47E+11,0,1,14/02/2006 22:04,15/02/2006 04:57
184,1,VIVIAN,RUIZ,VIVIAN.RUIZ@sakilacustomer.org,188,3.03E+11,0,1,14/02/2006 22:04,15/02/2006 04:57
185,1,ROBERTA,HARPER,ROBERTA.HARPER@sakilacustomer.org,189,9.51E+11,0,1,14/02/2006 22:04,15/02/2006 04:57
186,2,HOLLY,FOX,HOLLY.FOX@sakilacustomer.org,190,7.60E+11,0,1,14/02/2006 22:04,15/02/2006 04:57
187,2,BRITTANY,RILEY,BRITTANY.RILEY@sakilacustomer.org,191,8.56E+11,0,1,14/02/2006 22:04,15/02/2006 04:57
188,1,MELANIE,ARMSTRONG,MELANIE.ARMSTRONG@sakilacustomer.org,192,6.51E+11,0,1,14/02/2006 22:04,15/02/2006 04:57
189,1,LORETTA,CARPENTER,LORETTA.CARPENTER@sakilacustomer.org,193,2.48E+11,0,1,14/02/2006 22:04,15/02/2006 04:57
190,2,YOLANDA,WEAVER,YOLANDA.WEAVER@sakilacustomer.org,194,3.52E+11,0,1,14/02/2006 22:04,15/02/2006 04:57
191,1,JEANETTE,GREENE,JEANETTE.GREENE@sakilacustomer.org,195,8.13E+11,0,1,14/02/2006 22:04,15/02/2006 04:57
192,1,LAURIE,LAWRENCE,LAURIE.LAWRENCE@sakilacustomer.org,196,9.56E+11,0,1,14/02/2006 22:04,15/02/2006 04:57
193,2,KATIE,ELLIOTT,KATIE.ELLIOTT@sakilacustomer.org,197,9.41E+11,0,1,14/02/2006 22:04,15/02/2006 04:57
194,2,KRISTEN,CHAVEZ,KRISTEN.CHAVEZ@sakilacustomer.org,198,1.04E+11,0,1,14/02/2006 22:04,15/02/2006 04:57
195,1,VANESSA,SIMS,VANESSA.SIMS@sakilacustomer.org,199,4.19E+11,0,1,14/02/2006 22:04,15/02/2006 04:57
196,1,ALMA,AUSTIN,ALMA.AUSTIN@sakilacustomer.org,200,3.31E+11,0,1,14/02/2006 22:04,15/02/2006 04:57
197,2,SUE,PETERS,SUE.PETERS@sakilacustomer.org,201,2.64E+11,0,1,14/02/2006 22:04,15/02/2006 04:57
198,2,ELSIE,KELLEY,ELSIE.KELLEY@sakilacustomer.org,202,7.68E+11,0,1,14/02/2006 22:04,15/02/2006 04:57
199,2,BETH,FRANKLIN,BETH.FRANKLIN@sakilacustomer.org,203,4.71E+11,0,1,14/02/2006 22:04,15/02/2006 04:57
200,2,JEANNE,LAWSON,JEANNE.LAWSON@sakilacustomer.org,204,7.64E+11,0,1,14/02/2006 22:04,15/02/2006 04:57
201,1,VICKI,FIELDS,VICKI.FIELDS@sakilacustomer.org,205,1.47E+11,0,1,14/02/2006 22:04,15/02/2006 04:57
202,2,CARLA,GUTIERREZ,CARLA.GUTIERREZ@sakilacustomer.org,206,3.69E+11,0,1,14/02/2006 22:04,15/02/2006 04:57
203,1,TARA,RYAN,TARA.RYAN@sakilacustomer.org,207,6.52E+11,0,1,14/02/2006 22:04,15/02/2006 04:57
204,1,ROSEMARY,SCHMIDT,ROSEMARY.SCHMIDT@sakilacustomer.org,208,6.46E+11,0,1,14/02/2006 22:04,15/02/2006 04:57
205,2,EILEEN,CARR,EILEEN.CARR@sakilacustomer.org,209,9.06E+11,0,1,14/02/2006 22:04,15/02/2006 04:57
206,1,TERRI,VASQUEZ,TERRI.VASQUEZ@sakilacustomer.org,210,90336226227,0,1,14/02/2006 22:04,15/02/2006 04:57
207,1,GERTRUDE,CASTILLO,GERTRUDE.CASTILLO@sakilacustomer.org,211,4.03E+11,0,1,14/02/2006 22:04,15/02/2006 04:57
208,1,LUCY,WHEELER,LUCY.WHEELER@sakilacustomer.org,212,49677664184,0,1,14/02/2006 22:04,15/02/2006 04:57
209,2,TONYA,CHAPMAN,TONYA.CHAPMAN@sakilacustomer.org,213,95666951770,0,1,14/02/2006 22:04,15/02/2006 04:57
210,2,ELLA,OLIVER,ELLA.OLIVER@sakilacustomer.org,214,7.56E+11,0,1,14/02/2006 22:04,15/02/2006 04:57
211,1,STACEY,MONTGOMERY,STACEY.MONTGOMERY@sakilacustomer.org,215,4.08E+11,0,1,14/02/2006 22:04,15/02/2006 04:57
212,2,WILMA,RICHARDS,WILMA.RICHARDS@sakilacustomer.org,216,1.69E+11,0,1,14/02/2006 22:04,15/02/2006 04:57
213,1,GINA,WILLIAMSON,GINA.WILLIAMSON@sakilacustomer.org,217,5.84E+11,0,1,14/02/2006 22:04,15/02/2006 04:57
214,1,KRISTIN,JOHNSTON,KRISTIN.JOHNSTON@sakilacustomer.org,218,7.86E+11,0,1,14/02/2006 22:04,15/02/2006 04:57
215,2,JESSIE,BANKS,JESSIE.BANKS@sakilacustomer.org,219,3.53E+11,0,1,14/02/2006 22:04,15/02/2006 04:57
216,1,NATALIE,MEYER,NATALIE.MEYER@sakilacustomer.org,220,8.73E+11,0,1,14/02/2006 22:04,15/02/2006 04:57
217,2,AGNES,BISHOP,AGNES.BISHOP@sakilacustomer.org,221,7.79E+11,0,1,14/02/2006 22:04,15/02/2006 04:57
218,1,VERA,MCCOY,VERA.MCCOY@sakilacustomer.org,222,8.87E+11,0,1,14/02/2006 22:04,15/02/2006 04:57
219,2,WILLIE,HOWELL,WILLIE.HOWELL@sakilacustomer.org,223,9.92E+11,0,1,14/02/2006 22:04,15/02/2006 04:57
220,2,CHARLENE,ALVAREZ,CHARLENE.ALVAREZ@sakilacustomer.org,224,7.07E+11,0,1,14/02/2006 22:04,15/02/2006 04:57
221,1,BESSIE,MORRISON,BESSIE.MORRISON@sakilacustomer.org,225,4.70E+11,0,1,14/02/2006 22:04,15/02/2006 04:57
222,2,DELORES,HANSEN,DELORES.HANSEN@sakilacustomer.org,226,5.16E+11,0,1,14/02/2006 22:04,15/02/2006 04:57
223,1,MELINDA,FERNANDEZ,MELINDA.FERNANDEZ@sakilacustomer.org,227,99760893676,0,1,14/02/2006 22:04,15/02/2006 04:57
224,2,PEARL,GARZA,PEARL.GARZA@sakilacustomer.org,228,9.63E+11,0,1,14/02/2006 22:04,15/02/2006 04:57
225,1,ARLENE,HARVEY,ARLENE.HARVEY@sakilacustomer.org,229,4.61E+11,0,1,14/02/2006 22:04,15/02/2006 04:57
226,2,MAUREEN,LITTLE,MAUREEN.LITTLE@sakilacustomer.org,230,6.84E+11,0,1,14/02/2006 22:04,15/02/2006 04:57
227,1,COLLEEN,BURTON,COLLEEN.BURTON@sakilacustomer.org,231,6.70E+11,0,1,14/02/2006 22:04,15/02/2006 04:57
228,2,ALLISON,STANLEY,ALLISON.STANLEY@sakilacustomer.org,232,5.94E+11,0,1,14/02/2006 22:04,15/02/2006 04:57
229,1,TAMARA,NGUYEN,TAMARA.NGUYEN@sakilacustomer.org,233,22326410776,0,1,14/02/2006 22:04,15/02/2006 04:57
230,2,JOY,GEORGE,JOY.GEORGE@sakilacustomer.org,234,4.79E+11,0,1,14/02/2006 22:04,15/02/2006 04:57
231,1,GEORGIA,JACOBS,GEORGIA.JACOBS@sakilacustomer.org,235,5.41E+11,0,1,14/02/2006 22:04,15/02/2006 04:57
232,2,CONSTANCE,REID,CONSTANCE.REID@sakilacustomer.org,236,5.89E+11,0,1,14/02/2006 22:04,15/02/2006 04:57
233,2,LILLIE,KIM,LILLIE.KIM@sakilacustomer.org,237,4.32E+11,0,1,14/02/2006 22:04,15/02/2006 04:57
234,1,CLAUDIA,FULLER,CLAUDIA.FULLER@sakilacustomer.org,238,6.30E+11,0,1,14/02/2006 22:04,15/02/2006 04:57
235,1,JACKIE,LYNCH,JACKIE.LYNCH@sakilacustomer.org,239,6.10E+11,0,1,14/02/2006 22:04,15/02/2006 04:57
236,1,MARCIA,DEAN,MARCIA.DEAN@sakilacustomer.org,240,7.28E+11,0,1,14/02/2006 22:04,15/02/2006 04:57
237,1,TANYA,GILBERT,TANYA.GILBERT@sakilacustomer.org,241,7.93E+11,0,1,14/02/2006 22:04,15/02/2006 04:57
238,1,NELLIE,GARRETT,NELLIE.GARRETT@sakilacustomer.org,242,9.18E+11,0,1,14/02/2006 22:04,15/02/2006 04:57
239,2,MINNIE,ROMERO,MINNIE.ROMERO@sakilacustomer.org,243,63937119031,0,1,14/02/2006 22:04,15/02/2006 04:57
240,1,MARLENE,WELCH,MARLENE.WELCH@sakilacustomer.org,244,1.38E+11,0,1,14/02/2006 22:04,15/02/2006 04:57
241,2,HEIDI,LARSON,HEIDI.LARSON@sakilacustomer.org,245,2.80E+11,0,0,14/02/2006 22:04,15/02/2006 04:57
242,1,GLENDA,FRAZIER,GLENDA.FRAZIER@sakilacustomer.org,246,8.90E+11,0,1,14/02/2006 22:04,15/02/2006 04:57
243,1,LYDIA,BURKE,LYDIA.BURKE@sakilacustomer.org,247,6.86E+11,0,1,14/02/2006 22:04,15/02/2006 04:57
244,2,VIOLA,HANSON,VIOLA.HANSON@sakilacustomer.org,248,5.70E+11,0,1,14/02/2006 22:04,15/02/2006 04:57
245,1,COURTNEY,DAY,COURTNEY.DAY@sakilacustomer.org,249,8.90E+11,0,1,14/02/2006 22:04,15/02/2006 04:57
246,1,MARIAN,MENDOZA,MARIAN.MENDOZA@sakilacustomer.org,250,7.41E+11,0,1,14/02/2006 22:04,15/02/2006 04:57
247,1,STELLA,MORENO,STELLA.MORENO@sakilacustomer.org,251,2.67E+11,0,1,14/02/2006 22:04,15/02/2006 04:57
248,1,CAROLINE,BOWMAN,CAROLINE.BOWMAN@sakilacustomer.org,252,4.36E+11,0,1,14/02/2006 22:04,15/02/2006 04:57
249,2,DORA,MEDINA,DORA.MEDINA@sakilacustomer.org,253,56257502250,0,1,14/02/2006 22:04,15/02/2006 04:57
250,2,JO,FOWLER,JO.FOWLER@sakilacustomer.org,254,7.16E+11,0,1,14/02/2006 22:04,15/02/2006 04:57
251,2,VICKIE,BREWER,VICKIE.BREWER@sakilacustomer.org,255,5.67E+11,0,1,14/02/2006 22:04,15/02/2006 04:57
252,2,MATTIE,HOFFMAN,MATTIE.HOFFMAN@sakilacustomer.org,256,2.47E+11,0,1,14/02/2006 22:04,15/02/2006 04:57
253,1,TERRY,CARLSON,TERRY.CARLSON@sakilacustomer.org,258,1.35E+11,0,1,14/02/2006 22:04,15/02/2006 04:57
254,2,MAXINE,SILVA,MAXINE.SILVA@sakilacustomer.org,259,8.41E+11,0,1,14/02/2006 22:04,15/02/2006 04:57
255,2,IRMA,PEARSON,IRMA.PEARSON@sakilacustomer.org,260,9.87E+11,0,1,14/02/2006 22:04,15/02/2006 04:57
256,2,MABEL,HOLLAND,MABEL.HOLLAND@sakilacustomer.org,261,8.85E+11,0,1,14/02/2006 22:04,15/02/2006 04:57
257,2,MARSHA,DOUGLAS,MARSHA.DOUGLAS@sakilacustomer.org,262,2.45E+11,0,1,14/02/2006 22:04,15/02/2006 04:57
258,1,MYRTLE,FLEMING,MYRTLE.FLEMING@sakilacustomer.org,263,46871694740,0,1,14/02/2006 22:04,15/02/2006 04:57
259,2,LENA,JENSEN,LENA.JENSEN@sakilacustomer.org,264,5.38E+11,0,1,14/02/2006 22:04,15/02/2006 04:57
260,1,CHRISTY,VARGAS,CHRISTY.VARGAS@sakilacustomer.org,265,2.77E+11,0,1,14/02/2006 22:04,15/02/2006 04:57
261,1,DEANNA,BYRD,DEANNA.BYRD@sakilacustomer.org,266,2.65E+11,0,1,14/02/2006 22:04,15/02/2006 04:57
262,2,PATSY,DAVIDSON,PATSY.DAVIDSON@sakilacustomer.org,267,2.83E+11,0,1,14/02/2006 22:04,15/02/2006 04:57
263,1,HILDA,HOPKINS,HILDA.HOPKINS@sakilacustomer.org,268,3.23E+11,0,1,14/02/2006 22:04,15/02/2006 04:57
264,1,GWENDOLYN,MAY,GWENDOLYN.MAY@sakilacustomer.org,269,3.04E+11,0,1,14/02/2006 22:04,15/02/2006 04:57
265,2,JENNIE,TERRY,JENNIE.TERRY@sakilacustomer.org,270,4.76E+11,0,1,14/02/2006 22:04,15/02/2006 04:57
266,2,NORA,HERRERA,NORA.HERRERA@sakilacustomer.org,271,6.22E+11,0,1,14/02/2006 22:04,15/02/2006 04:57
267,1,MARGIE,WADE,MARGIE.WADE@sakilacustomer.org,272,1.92E+11,0,1,14/02/2006 22:04,15/02/2006 04:57
268,1,NINA,SOTO,NINA.SOTO@sakilacustomer.org,273,3.57E+11,0,1,14/02/2006 22:04,15/02/2006 04:57
269,1,CASSANDRA,WALTERS,CASSANDRA.WALTERS@sakilacustomer.org,274,6.85E+11,0,1,14/02/2006 22:04,15/02/2006 04:57
270,1,LEAH,CURTIS,LEAH.CURTIS@sakilacustomer.org,275,7.02E+11,0,1,14/02/2006 22:04,15/02/2006 04:57
271,1,PENNY,NEAL,PENNY.NEAL@sakilacustomer.org,276,2.71E+11,0,0,14/02/2006 22:04,15/02/2006 04:57
272,1,KAY,CALDWELL,KAY.CALDWELL@sakilacustomer.org,277,1.71E+11,0,1,14/02/2006 22:04,15/02/2006 04:57
273,2,PRISCILLA,LOWE,PRISCILLA.LOWE@sakilacustomer.org,278,45387294817,0,1,14/02/2006 22:04,15/02/2006 04:57
274,1,NAOMI,JENNINGS,NAOMI.JENNINGS@sakilacustomer.org,279,9.60E+11,0,1,14/02/2006 22:04,15/02/2006 04:57
275,2,CAROLE,BARNETT,CAROLE.BARNETT@sakilacustomer.org,280,8.74E+11,0,1,14/02/2006 22:04,15/02/2006 04:57
276,1,BRANDY,GRAVES,BRANDY.GRAVES@sakilacustomer.org,281,75975221996,0,1,14/02/2006 22:04,15/02/2006 04:57
277,2,OLGA,JIMENEZ,OLGA.JIMENEZ@sakilacustomer.org,282,3.64E+11,0,1,14/02/2006 22:04,15/02/2006 04:57
278,2,BILLIE,HORTON,BILLIE.HORTON@sakilacustomer.org,283,8.81E+11,0,1,14/02/2006 22:04,15/02/2006 04:57
279,2,DIANNE,SHELTON,DIANNE.SHELTON@sakilacustomer.org,284,1.18E+11,0,1,14/02/2006 22:04,15/02/2006 04:57
280,2,TRACEY,BARRETT,TRACEY.BARRETT@sakilacustomer.org,285,85059738746,0,1,14/02/2006 22:04,15/02/2006 04:57
281,2,LEONA,OBRIEN,LEONA.OBRIEN@sakilacustomer.org,286,5.83E+11,0,1,14/02/2006 22:04,15/02/2006 04:57
282,2,JENNY,CASTRO,JENNY.CASTRO@sakilacustomer.org,287,62781725285,0,1,14/02/2006 22:04,15/02/2006 04:57
283,1,FELICIA,SUTTON,FELICIA.SUTTON@sakilacustomer.org,288,7.91E+11,0,1,14/02/2006 22:04,15/02/2006 04:57
284,1,SONIA,GREGORY,SONIA.GREGORY@sakilacustomer.org,289,1.95E+11,0,1,14/02/2006 22:04,15/02/2006 04:57
285,1,MIRIAM,MCKINNEY,MIRIAM.MCKINNEY@sakilacustomer.org,290,3.41E+11,0,1,14/02/2006 22:04,15/02/2006 04:57
286,1,VELMA,LUCAS,VELMA.LUCAS@sakilacustomer.org,291,5.58E+11,0,1,14/02/2006 22:04,15/02/2006 04:57
287,2,BECKY,MILES,BECKY.MILES@sakilacustomer.org,292,6.48E+11,0,1,14/02/2006 22:04,15/02/2006 04:57
288,1,BOBBIE,CRAIG,BOBBIE.CRAIG@sakilacustomer.org,293,9.57E+11,0,1,14/02/2006 22:04,15/02/2006 04:57
289,1,VIOLET,RODRIQUEZ,VIOLET.RODRIQUEZ@sakilacustomer.org,294,1.72E+11,0,1,14/02/2006 22:04,15/02/2006 04:57
290,1,KRISTINA,CHAMBERS,KRISTINA.CHAMBERS@sakilacustomer.org,295,892523334,0,1,14/02/2006 22:04,15/02/2006 04:57
291,1,TONI,HOLT,TONI.HOLT@sakilacustomer.org,296,9.77E+11,0,1,14/02/2006 22:04,15/02/2006 04:57
292,2,MISTY,LAMBERT,MISTY.LAMBERT@sakilacustomer.org,297,3.51E+11,0,1,14/02/2006 22:04,15/02/2006 04:57
293,2,MAE,FLETCHER,MAE.FLETCHER@sakilacustomer.org,298,96604821070,0,1,14/02/2006 22:04,15/02/2006 04:57
294,2,SHELLY,WATTS,SHELLY.WATTS@sakilacustomer.org,299,9.67E+11,0,1,14/02/2006 22:04,15/02/2006 04:57
295,1,DAISY,BATES,DAISY.BATES@sakilacustomer.org,300,8.16E+11,0,1,14/02/2006 22:04,15/02/2006 04:57
296,2,RAMONA,HALE,RAMONA.HALE@sakilacustomer.org,301,4.30E+11,0,1,14/02/2006 22:04,15/02/2006 04:57
297,1,SHERRI,RHODES,SHERRI.RHODES@sakilacustomer.org,302,5.11E+11,0,1,14/02/2006 22:04,15/02/2006 04:57
298,1,ERIKA,PENA,ERIKA.PENA@sakilacustomer.org,303,1.62E+11,0,1,14/02/2006 22:04,15/02/2006 04:57
299,2,JAMES,GANNON,JAMES.GANNON@sakilacustomer.org,304,7.11E+11,0,1,14/02/2006 22:04,15/02/2006 04:57
300,1,JOHN,FARNSWORTH,JOHN.FARNSWORTH@sakilacustomer.org,305,51917807050,0,1,14/02/2006 22:04,15/02/2006 04:57
301,2,ROBERT,BAUGHMAN,ROBERT.BAUGHMAN@sakilacustomer.org,306,96110042435,0,1,14/02/2006 22:04,15/02/2006 04:57
302,1,MICHAEL,SILVERMAN,MICHAEL.SILVERMAN@sakilacustomer.org,307,1.08E+11,0,1,14/02/2006 22:04,15/02/2006 04:57
303,2,WILLIAM,SATTERFIELD,WILLIAM.SATTERFIELD@sakilacustomer.org,308,4.07E+11,0,1,14/02/2006 22:04,15/02/2006 04:57
304,2,DAVID,ROYAL,DAVID.ROYAL@sakilacustomer.org,309,5.04E+11,0,1,14/02/2006 22:04,15/02/2006 04:57
305,1,RICHARD,MCCRARY,RICHARD.MCCRARY@sakilacustomer.org,310,2.62E+11,0,1,14/02/2006 22:04,15/02/2006 04:57
306,1,CHARLES,KOWALSKI,CHARLES.KOWALSKI@sakilacustomer.org,311,1.81E+11,0,1,14/02/2006 22:04,15/02/2006 04:57
307,2,JOSEPH,JOY,JOSEPH.JOY@sakilacustomer.org,312,5.73E+11,0,1,14/02/2006 22:04,15/02/2006 04:57
308,1,THOMAS,GRIGSBY,THOMAS.GRIGSBY@sakilacustomer.org,313,9.83E+11,0,1,14/02/2006 22:04,15/02/2006 04:57
309,1,CHRISTOPHER,GRECO,CHRISTOPHER.GRECO@sakilacustomer.org,314,8.06E+11,0,1,14/02/2006 22:04,15/02/2006 04:57
310,2,DANIEL,CABRAL,DANIEL.CABRAL@sakilacustomer.org,315,1.04E+11,0,1,14/02/2006 22:04,15/02/2006 04:57
311,2,PAUL,TROUT,PAUL.TROUT@sakilacustomer.org,316,6.88E+11,0,1,14/02/2006 22:04,15/02/2006 04:57
312,2,MARK,RINEHART,MARK.RINEHART@sakilacustomer.org,317,8.24E+11,0,1,14/02/2006 22:04,15/02/2006 04:57
313,2,DONALD,MAHON,DONALD.MAHON@sakilacustomer.org,318,6.13E+11,0,1,14/02/2006 22:04,15/02/2006 04:57
314,1,GEORGE,LINTON,GEORGE.LINTON@sakilacustomer.org,319,7.05E+11,0,1,14/02/2006 22:04,15/02/2006 04:57
315,2,KENNETH,GOODEN,KENNETH.GOODEN@sakilacustomer.org,320,5.09E+11,0,0,14/02/2006 22:04,15/02/2006 04:57
316,1,STEVEN,CURLEY,STEVEN.CURLEY@sakilacustomer.org,321,1.39E+11,0,1,14/02/2006 22:04,15/02/2006 04:57
317,2,EDWARD,BAUGH,EDWARD.BAUGH@sakilacustomer.org,322,46568045367,0,1,14/02/2006 22:04,15/02/2006 04:57
318,1,BRIAN,WYMAN,BRIAN.WYMAN@sakilacustomer.org,323,5.56E+11,0,1,14/02/2006 22:04,15/02/2006 04:57
319,2,RONALD,WEINER,RONALD.WEINER@sakilacustomer.org,324,6.75E+11,0,1,14/02/2006 22:04,15/02/2006 04:57
320,2,ANTHONY,SCHWAB,ANTHONY.SCHWAB@sakilacustomer.org,325,4.78E+11,0,1,14/02/2006 22:04,15/02/2006 04:57
321,1,KEVIN,SCHULER,KEVIN.SCHULER@sakilacustomer.org,326,9.08E+11,0,1,14/02/2006 22:04,15/02/2006 04:57
322,1,JASON,MORRISSEY,JASON.MORRISSEY@sakilacustomer.org,327,9.73E+11,0,1,14/02/2006 22:04,15/02/2006 04:57
323,2,MATTHEW,MAHAN,MATTHEW.MAHAN@sakilacustomer.org,328,8.69E+11,0,1,14/02/2006 22:04,15/02/2006 04:57
324,2,GARY,COY,GARY.COY@sakilacustomer.org,329,1.69E+11,0,1,14/02/2006 22:04,15/02/2006 04:57
325,1,TIMOTHY,BUNN,TIMOTHY.BUNN@sakilacustomer.org,330,8.29E+11,0,1,14/02/2006 22:04,15/02/2006 04:57
326,1,JOSE,ANDREW,JOSE.ANDREW@sakilacustomer.org,331,9.61E+11,0,1,14/02/2006 22:04,15/02/2006 04:57
327,2,LARRY,THRASHER,LARRY.THRASHER@sakilacustomer.org,332,8.34E+11,0,1,14/02/2006 22:04,15/02/2006 04:57
328,2,JEFFREY,SPEAR,JEFFREY.SPEAR@sakilacustomer.org,333,38158430589,0,1,14/02/2006 22:04,15/02/2006 04:57
329,2,FRANK,WAGGONER,FRANK.WAGGONER@sakilacustomer.org,334,9.65E+11,0,1,14/02/2006 22:04,15/02/2006 04:57
330,1,SCOTT,SHELLEY,SCOTT.SHELLEY@sakilacustomer.org,335,1.65E+11,0,1,14/02/2006 22:04,15/02/2006 04:57
331,1,ERIC,ROBERT,ERIC.ROBERT@sakilacustomer.org,336,1.05E+11,0,1,14/02/2006 22:04,15/02/2006 04:57
332,1,STEPHEN,QUALLS,STEPHEN.QUALLS@sakilacustomer.org,337,38988715447,0,1,14/02/2006 22:04,15/02/2006 04:57
333,2,ANDREW,PURDY,ANDREW.PURDY@sakilacustomer.org,338,1.20E+11,0,1,14/02/2006 22:04,15/02/2006 04:57
334,2,RAYMOND,MCWHORTER,RAYMOND.MCWHORTER@sakilacustomer.org,339,8.35E+11,0,1,14/02/2006 22:04,15/02/2006 04:57
335,1,GREGORY,MAULDIN,GREGORY.MAULDIN@sakilacustomer.org,340,80303246192,0,1,14/02/2006 22:04,15/02/2006 04:57
336,1,JOSHUA,MARK,JOSHUA.MARK@sakilacustomer.org,341,8.70E+11,0,1,14/02/2006 22:04,15/02/2006 04:57
337,1,JERRY,JORDON,JERRY.JORDON@sakilacustomer.org,342,6.48E+11,0,1,14/02/2006 22:04,15/02/2006 04:57
338,1,DENNIS,GILMAN,DENNIS.GILMAN@sakilacustomer.org,343,2.31E+11,0,1,14/02/2006 22:04,15/02/2006 04:57
339,2,WALTER,PERRYMAN,WALTER.PERRYMAN@sakilacustomer.org,344,6.24E+11,0,1,14/02/2006 22:04,15/02/2006 04:57
340,1,PATRICK,NEWSOM,PATRICK.NEWSOM@sakilacustomer.org,345,8.71E+11,0,1,14/02/2006 22:04,15/02/2006 04:57
341,1,PETER,MENARD,PETER.MENARD@sakilacustomer.org,346,7.19E+11,0,1,14/02/2006 22:04,15/02/2006 04:57
342,1,HAROLD,MARTINO,HAROLD.MARTINO@sakilacustomer.org,347,6.98E+11,0,1,14/02/2006 22:04,15/02/2006 04:57
343,1,DOUGLAS,GRAF,DOUGLAS.GRAF@sakilacustomer.org,348,8.96E+11,0,1,14/02/2006 22:04,15/02/2006 04:57
344,1,HENRY,BILLINGSLEY,HENRY.BILLINGSLEY@sakilacustomer.org,349,64536069371,0,1,14/02/2006 22:04,15/02/2006 04:57
345,1,CARL,ARTIS,CARL.ARTIS@sakilacustomer.org,350,20064292617,0,1,14/02/2006 22:04,15/02/2006 04:57
346,1,ARTHUR,SIMPKINS,ARTHUR.SIMPKINS@sakilacustomer.org,351,2.63E+11,0,1,14/02/2006 22:04,15/02/2006 04:57
347,2,RYAN,SALISBURY,RYAN.SALISBURY@sakilacustomer.org,352,6.28E+11,0,1,14/02/2006 22:04,15/02/2006 04:57
348,2,ROGER,QUINTANILLA,ROGER.QUINTANILLA@sakilacustomer.org,353,55477302294,0,1,14/02/2006 22:04,15/02/2006 04:57
349,2,JOE,GILLILAND,JOE.GILLILAND@sakilacustomer.org,354,53912826864,0,1,14/02/2006 22:04,15/02/2006 04:57
350,1,JUAN,FRALEY,JUAN.FRALEY@sakilacustomer.org,355,6.89E+11,0,1,14/02/2006 22:04,15/02/2006 04:57
351,1,JACK,FOUST,JACK.FOUST@sakilacustomer.org,356,8.41E+11,0,1,14/02/2006 22:04,15/02/2006 04:57
352,1,ALBERT,CROUSE,ALBERT.CROUSE@sakilacustomer.org,357,2.57E+11,0,1,14/02/2006 22:04,15/02/2006 04:57
353,1,JONATHAN,SCARBOROUGH,JONATHAN.SCARBOROUGH@sakilacustomer.org,358,7.54E+11,0,1,14/02/2006 22:04,15/02/2006 04:57
354,2,JUSTIN,NGO,JUSTIN.NGO@sakilacustomer.org,359,7.65E+11,0,1,14/02/2006 22:04,15/02/2006 04:57
355,2,TERRY,GRISSOM,TERRY.GRISSOM@sakilacustomer.org,360,1.43E+11,0,1,14/02/2006 22:04,15/02/2006 04:57
356,2,GERALD,FULTZ,GERALD.FULTZ@sakilacustomer.org,361,6.50E+11,0,1,14/02/2006 22:04,15/02/2006 04:57
357,1,KEITH,RICO,KEITH.RICO@sakilacustomer.org,362,7.39E+11,0,1,14/02/2006 22:04,15/02/2006 04:57
358,2,SAMUEL,MARLOW,SAMUEL.MARLOW@sakilacustomer.org,363,6.21E+11,0,1,14/02/2006 22:04,15/02/2006 04:57
359,2,WILLIE,MARKHAM,WILLIE.MARKHAM@sakilacustomer.org,364,2.96E+11,0,1,14/02/2006 22:04,15/02/2006 04:57
360,2,RALPH,MADRIGAL,RALPH.MADRIGAL@sakilacustomer.org,365,1.02E+11,0,1,14/02/2006 22:04,15/02/2006 04:57
361,2,LAWRENCE,LAWTON,LAWRENCE.LAWTON@sakilacustomer.org,366,8.45E+11,0,1,14/02/2006 22:04,15/02/2006 04:57
362,1,NICHOLAS,BARFIELD,NICHOLAS.BARFIELD@sakilacustomer.org,367,6.75E+11,0,1,14/02/2006 22:04,15/02/2006 04:57
363,2,ROY,WHITING,ROY.WHITING@sakilacustomer.org,368,5.68E+11,0,1,14/02/2006 22:04,15/02/2006 04:57
364,1,BENJAMIN,VARNEY,BENJAMIN.VARNEY@sakilacustomer.org,369,1.51E+11,0,1,14/02/2006 22:04,15/02/2006 04:57
365,2,BRUCE,SCHWARZ,BRUCE.SCHWARZ@sakilacustomer.org,370,6.34E+11,0,1,14/02/2006 22:04,15/02/2006 04:57
366,1,BRANDON,HUEY,BRANDON.HUEY@sakilacustomer.org,371,99883471275,0,1,14/02/2006 22:04,15/02/2006 04:57
367,1,ADAM,GOOCH,ADAM.GOOCH@sakilacustomer.org,372,1.67E+11,0,1,14/02/2006 22:04,15/02/2006 04:57
368,1,HARRY,ARCE,HARRY.ARCE@sakilacustomer.org,373,3.20E+11,0,0,14/02/2006 22:04,15/02/2006 04:57
369,2,FRED,WHEAT,FRED.WHEAT@sakilacustomer.org,374,5.62E+11,0,1,14/02/2006 22:04,15/02/2006 04:57
370,2,WAYNE,TRUONG,WAYNE.TRUONG@sakilacustomer.org,375,9.61E+11,0,1,14/02/2006 22:04,15/02/2006 04:57
371,1,BILLY,POULIN,BILLY.POULIN@sakilacustomer.org,376,3.33E+11,0,1,14/02/2006 22:04,15/02/2006 04:57
372,2,STEVE,MACKENZIE,STEVE.MACKENZIE@sakilacustomer.org,377,4.40E+11,0,1,14/02/2006 22:04,15/02/2006 04:57
373,1,LOUIS,LEONE,LOUIS.LEONE@sakilacustomer.org,378,45554316010,0,1,14/02/2006 22:04,15/02/2006 04:57
374,2,JEREMY,HURTADO,JEREMY.HURTADO@sakilacustomer.org,379,6.00E+11,0,1,14/02/2006 22:04,15/02/2006 04:57
375,2,AARON,SELBY,AARON.SELBY@sakilacustomer.org,380,4.09E+11,0,1,14/02/2006 22:04,15/02/2006 04:57
376,1,RANDY,GAITHER,RANDY.GAITHER@sakilacustomer.org,381,96846695220,0,1,14/02/2006 22:04,15/02/2006 04:57
377,1,HOWARD,FORTNER,HOWARD.FORTNER@sakilacustomer.org,382,3.43E+11,0,1,14/02/2006 22:04,15/02/2006 04:57
378,1,EUGENE,CULPEPPER,EUGENE.CULPEPPER@sakilacustomer.org,383,71857599858,0,1,14/02/2006 22:04,15/02/2006 04:57
379,1,CARLOS,COUGHLIN,CARLOS.COUGHLIN@sakilacustomer.org,384,9.25E+11,0,1,14/02/2006 22:04,15/02/2006 04:57
380,1,RUSSELL,BRINSON,RUSSELL.BRINSON@sakilacustomer.org,385,8.21E+11,0,1,14/02/2006 22:04,15/02/2006 04:57
381,2,BOBBY,BOUDREAU,BOBBY.BOUDREAU@sakilacustomer.org,386,9.34E+11,0,1,14/02/2006 22:04,15/02/2006 04:57
382,2,VICTOR,BARKLEY,VICTOR.BARKLEY@sakilacustomer.org,387,4.86E+11,0,1,14/02/2006 22:04,15/02/2006 04:57
383,1,MARTIN,BALES,MARTIN.BALES@sakilacustomer.org,388,1.06E+11,0,1,14/02/2006 22:04,15/02/2006 04:57
384,2,ERNEST,STEPP,ERNEST.STEPP@sakilacustomer.org,389,5.50E+11,0,1,14/02/2006 22:04,15/02/2006 04:57
385,1,PHILLIP,HOLM,PHILLIP.HOLM@sakilacustomer.org,390,7.76E+11,0,1,14/02/2006 22:04,15/02/2006 04:57
386,1,TODD,TAN,TODD.TAN@sakilacustomer.org,391,6.20E+11,0,1,14/02/2006 22:04,15/02/2006 04:57
387,2,JESSE,SCHILLING,JESSE.SCHILLING@sakilacustomer.org,392,9.00E+11,0,1,14/02/2006 22:04,15/02/2006 04:57
388,2,CRAIG,MORRELL,CRAIG.MORRELL@sakilacustomer.org,393,4.26E+11,0,1,14/02/2006 22:04,15/02/2006 04:57
389,1,ALAN,KAHN,ALAN.KAHN@sakilacustomer.org,394,4.65E+11,0,1,14/02/2006 22:04,15/02/2006 04:57
390,1,SHAWN,HEATON,SHAWN.HEATON@sakilacustomer.org,395,1.75E+11,0,1,14/02/2006 22:04,15/02/2006 04:57
391,1,CLARENCE,GAMEZ,CLARENCE.GAMEZ@sakilacustomer.org,396,6.68E+11,0,1,14/02/2006 22:04,15/02/2006 04:57
392,2,SEAN,DOUGLASS,SEAN.DOUGLASS@sakilacustomer.org,397,47808359842,0,1,14/02/2006 22:04,15/02/2006 04:57
393,1,PHILIP,CAUSEY,PHILIP.CAUSEY@sakilacustomer.org,398,7.37E+11,0,1,14/02/2006 22:04,15/02/2006 04:57
394,2,CHRIS,BROTHERS,CHRIS.BROTHERS@sakilacustomer.org,399,5.37E+11,0,1,14/02/2006 22:04,15/02/2006 04:57
395,2,JOHNNY,TURPIN,JOHNNY.TURPIN@sakilacustomer.org,400,7.66E+11,0,1,14/02/2006 22:04,15/02/2006 04:57
396,1,EARL,SHANKS,EARL.SHANKS@sakilacustomer.org,401,6.79E+11,0,1,14/02/2006 22:04,15/02/2006 04:57
397,1,JIMMY,SCHRADER,JIMMY.SCHRADER@sakilacustomer.org,402,6.04E+11,0,1,14/02/2006 22:04,15/02/2006 04:57
398,1,ANTONIO,MEEK,ANTONIO.MEEK@sakilacustomer.org,403,8.42E+11,0,1,14/02/2006 22:04,15/02/2006 04:57
399,1,DANNY,ISOM,DANNY.ISOM@sakilacustomer.org,404,2.81E+11,0,1,14/02/2006 22:04,15/02/2006 04:57
400,2,BRYAN,HARDISON,BRYAN.HARDISON@sakilacustomer.org,405,7.75E+11,0,1,14/02/2006 22:04,15/02/2006 04:57
401,2,TONY,CARRANZA,TONY.CARRANZA@sakilacustomer.org,406,7.95E+11,0,1,14/02/2006 22:04,15/02/2006 04:57
402,1,LUIS,YANEZ,LUIS.YANEZ@sakilacustomer.org,407,5.17E+11,0,1,14/02/2006 22:04,15/02/2006 04:57
403,1,MIKE,WAY,MIKE.WAY@sakilacustomer.org,408,2.06E+11,0,1,14/02/2006 22:04,15/02/2006 04:57
404,2,STANLEY,SCROGGINS,STANLEY.SCROGGINS@sakilacustomer.org,409,1483365694,0,1,14/02/2006 22:04,15/02/2006 04:57
405,1,LEONARD,SCHOFIELD,LEONARD.SCHOFIELD@sakilacustomer.org,410,7.79E+11,0,1,14/02/2006 22:04,15/02/2006 04:57
406,1,NATHAN,RUNYON,NATHAN.RUNYON@sakilacustomer.org,411,3.03E+11,0,0,14/02/2006 22:04,15/02/2006 04:57
407,1,DALE,RATCLIFF,DALE.RATCLIFF@sakilacustomer.org,412,3.28E+11,0,1,14/02/2006 22:04,15/02/2006 04:57
408,1,MANUEL,MURRELL,MANUEL.MURRELL@sakilacustomer.org,413,3.59E+11,0,1,14/02/2006 22:04,15/02/2006 04:57
409,2,RODNEY,MOELLER,RODNEY.MOELLER@sakilacustomer.org,414,6.53E+11,0,1,14/02/2006 22:04,15/02/2006 04:57
410,2,CURTIS,IRBY,CURTIS.IRBY@sakilacustomer.org,415,6.16E+11,0,1,14/02/2006 22:04,15/02/2006 04:57
411,1,NORMAN,CURRIER,NORMAN.CURRIER@sakilacustomer.org,416,5.99E+11,0,1,14/02/2006 22:04,15/02/2006 04:57
412,2,ALLEN,BUTTERFIELD,ALLEN.BUTTERFIELD@sakilacustomer.org,417,1.30E+11,0,1,14/02/2006 22:04,15/02/2006 04:57
413,2,MARVIN,YEE,MARVIN.YEE@sakilacustomer.org,418,4.80E+11,0,1,14/02/2006 22:04,15/02/2006 04:57
414,1,VINCENT,RALSTON,VINCENT.RALSTON@sakilacustomer.org,419,6.81E+11,0,1,14/02/2006 22:04,15/02/2006 04:57
415,1,GLENN,PULLEN,GLENN.PULLEN@sakilacustomer.org,420,8.55E+11,0,1,14/02/2006 22:04,15/02/2006 04:57
416,2,JEFFERY,PINSON,JEFFERY.PINSON@sakilacustomer.org,421,15273765306,0,1,14/02/2006 22:04,15/02/2006 04:57
417,1,TRAVIS,ESTEP,TRAVIS.ESTEP@sakilacustomer.org,422,2.15E+11,0,1,14/02/2006 22:04,15/02/2006 04:57
418,2,JEFF,EAST,JEFF.EAST@sakilacustomer.org,423,4.91E+11,0,1,14/02/2006 22:04,15/02/2006 04:57
419,1,CHAD,CARBONE,CHAD.CARBONE@sakilacustomer.org,424,9.87E+11,0,1,14/02/2006 22:04,15/02/2006 04:57
420,1,JACOB,LANCE,JACOB.LANCE@sakilacustomer.org,425,5.47E+11,0,1,14/02/2006 22:04,15/02/2006 04:57
421,1,LEE,HAWKS,LEE.HAWKS@sakilacustomer.org,426,2.70E+11,0,1,14/02/2006 22:04,15/02/2006 04:57
422,1,MELVIN,ELLINGTON,MELVIN.ELLINGTON@sakilacustomer.org,427,3.68E+11,0,1,14/02/2006 22:04,15/02/2006 04:57
423,2,ALFRED,CASILLAS,ALFRED.CASILLAS@sakilacustomer.org,428,1.30E+11,0,1,14/02/2006 22:04,15/02/2006 04:57
424,2,KYLE,SPURLOCK,KYLE.SPURLOCK@sakilacustomer.org,429,7.37E+11,0,1,14/02/2006 22:04,15/02/2006 04:57
425,2,FRANCIS,SIKES,FRANCIS.SIKES@sakilacustomer.org,430,5.48E+11,0,1,14/02/2006 22:04,15/02/2006 04:57
426,1,BRADLEY,MOTLEY,BRADLEY.MOTLEY@sakilacustomer.org,431,1.57E+11,0,1,14/02/2006 22:04,15/02/2006 04:57
427,2,JESUS,MCCARTNEY,JESUS.MCCARTNEY@sakilacustomer.org,432,4.19E+11,0,1,14/02/2006 22:04,15/02/2006 04:57
428,2,HERBERT,KRUGER,HERBERT.KRUGER@sakilacustomer.org,433,3.07E+11,0,1,14/02/2006 22:04,15/02/2006 04:57
429,2,FREDERICK,ISBELL,FREDERICK.ISBELL@sakilacustomer.org,434,5.72E+11,0,1,14/02/2006 22:04,15/02/2006 04:57
430,1,RAY,HOULE,RAY.HOULE@sakilacustomer.org,435,4.97E+11,0,1,14/02/2006 22:04,15/02/2006 04:57
431,2,JOEL,FRANCISCO,JOEL.FRANCISCO@sakilacustomer.org,436,82619513349,0,1,14/02/2006 22:04,15/02/2006 04:57
432,1,EDWIN,BURK,EDWIN.BURK@sakilacustomer.org,437,6.18E+11,0,1,14/02/2006 22:04,15/02/2006 04:57
433,1,DON,BONE,DON.BONE@sakilacustomer.org,438,3.43E+11,0,1,14/02/2006 22:04,15/02/2006 04:57
434,1,EDDIE,TOMLIN,EDDIE.TOMLIN@sakilacustomer.org,439,9.60E+11,0,1,14/02/2006 22:04,15/02/2006 04:57
435,2,RICKY,SHELBY,RICKY.SHELBY@sakilacustomer.org,440,7.46E+11,0,1,14/02/2006 22:04,15/02/2006 04:57
436,1,TROY,QUIGLEY,TROY.QUIGLEY@sakilacustomer.org,441,1.46E+11,0,1,14/02/2006 22:04,15/02/2006 04:57
437,2,RANDALL,NEUMANN,RANDALL.NEUMANN@sakilacustomer.org,442,3.32E+11,0,1,14/02/2006 22:04,15/02/2006 04:57
438,1,BARRY,LOVELACE,BARRY.LOVELACE@sakilacustomer.org,443,6.90E+11,0,1,14/02/2006 22:04,15/02/2006 04:57
439,2,ALEXANDER,FENNELL,ALEXANDER.FENNELL@sakilacustomer.org,444,5.75E+11,0,1,14/02/2006 22:04,15/02/2006 04:57
440,1,BERNARD,COLBY,BERNARD.COLBY@sakilacustomer.org,445,82088937724,0,1,14/02/2006 22:04,15/02/2006 04:57
441,1,MARIO,CHEATHAM,MARIO.CHEATHAM@sakilacustomer.org,446,4.07E+11,0,1,14/02/2006 22:04,15/02/2006 04:57
442,1,LEROY,BUSTAMANTE,LEROY.BUSTAMANTE@sakilacustomer.org,447,2.41E+11,0,1,14/02/2006 22:04,15/02/2006 04:57
443,2,FRANCISCO,SKIDMORE,FRANCISCO.SKIDMORE@sakilacustomer.org,448,8.76E+11,0,1,14/02/2006 22:04,15/02/2006 04:57
444,2,MARCUS,HIDALGO,MARCUS.HIDALGO@sakilacustomer.org,449,2.37E+11,0,1,14/02/2006 22:04,15/02/2006 04:57
445,1,MICHEAL,FORMAN,MICHEAL.FORMAN@sakilacustomer.org,450,4.12E+11,0,1,14/02/2006 22:04,15/02/2006 04:57
446,2,THEODORE,CULP,THEODORE.CULP@sakilacustomer.org,451,39463554936,0,0,14/02/2006 22:04,15/02/2006 04:57
447,1,CLIFFORD,BOWENS,CLIFFORD.BOWENS@sakilacustomer.org,452,7.83E+11,0,1,14/02/2006 22:04,15/02/2006 04:57
448,1,MIGUEL,BETANCOURT,MIGUEL.BETANCOURT@sakilacustomer.org,453,72524459905,0,1,14/02/2006 22:04,15/02/2006 04:57
449,2,OSCAR,AQUINO,OSCAR.AQUINO@sakilacustomer.org,454,4.74E+11,0,1,14/02/2006 22:04,15/02/2006 04:57
450,1,JAY,ROBB,JAY.ROBB@sakilacustomer.org,455,8.34E+11,0,1,14/02/2006 22:04,15/02/2006 04:57
451,1,JIM,REA,JIM.REA@sakilacustomer.org,456,5.25E+11,0,1,14/02/2006 22:04,15/02/2006 04:57
452,1,TOM,MILNER,TOM.MILNER@sakilacustomer.org,457,9.85E+11,0,1,14/02/2006 22:04,15/02/2006 04:57
453,1,CALVIN,MARTEL,CALVIN.MARTEL@sakilacustomer.org,458,9.74E+11,0,1,14/02/2006 22:04,15/02/2006 04:57
454,2,ALEX,GRESHAM,ALEX.GRESHAM@sakilacustomer.org,459,1.18E+11,0,1,14/02/2006 22:04,15/02/2006 04:57
455,2,JON,WILES,JON.WILES@sakilacustomer.org,460,2.06E+11,0,1,14/02/2006 22:04,15/02/2006 04:57
456,2,RONNIE,RICKETTS,RONNIE.RICKETTS@sakilacustomer.org,461,6.70E+11,0,1,14/02/2006 22:04,15/02/2006 04:57
457,2,BILL,GAVIN,BILL.GAVIN@sakilacustomer.org,462,9.25E+11,0,1,14/02/2006 22:04,15/02/2006 04:57
458,1,LLOYD,DOWD,LLOYD.DOWD@sakilacustomer.org,463,3.35E+11,0,1,14/02/2006 22:04,15/02/2006 04:57
459,1,TOMMY,COLLAZO,TOMMY.COLLAZO@sakilacustomer.org,464,7.62E+11,0,1,14/02/2006 22:04,15/02/2006 04:57
460,1,LEON,BOSTIC,LEON.BOSTIC@sakilacustomer.org,465,3.67E+11,0,1,14/02/2006 22:04,15/02/2006 04:57
461,1,DEREK,BLAKELY,DEREK.BLAKELY@sakilacustomer.org,466,3.26E+11,0,1,14/02/2006 22:04,15/02/2006 04:57
462,2,WARREN,SHERROD,WARREN.SHERROD@sakilacustomer.org,467,2.09E+11,0,1,14/02/2006 22:04,15/02/2006 04:57
463,2,DARRELL,POWER,DARRELL.POWER@sakilacustomer.org,468,1.64E+11,0,1,14/02/2006 22:04,15/02/2006 04:57
464,1,JEROME,KENYON,JEROME.KENYON@sakilacustomer.org,469,9.29E+11,0,1,14/02/2006 22:04,15/02/2006 04:57
465,1,FLOYD,GANDY,FLOYD.GANDY@sakilacustomer.org,470,49084281333,0,1,14/02/2006 22:04,15/02/2006 04:57
466,1,LEO,EBERT,LEO.EBERT@sakilacustomer.org,471,2.68E+11,0,1,14/02/2006 22:04,15/02/2006 04:57
467,2,ALVIN,DELOACH,ALVIN.DELOACH@sakilacustomer.org,472,7.69E+11,0,1,14/02/2006 22:04,15/02/2006 04:57
468,1,TIM,CARY,TIM.CARY@sakilacustomer.org,473,1.95E+11,0,1,14/02/2006 22:04,15/02/2006 04:57
469,2,WESLEY,BULL,WESLEY.BULL@sakilacustomer.org,474,6.23E+11,0,1,14/02/2006 22:04,15/02/2006 04:57
470,1,GORDON,ALLARD,GORDON.ALLARD@sakilacustomer.org,475,5.62E+11,0,1,14/02/2006 22:04,15/02/2006 04:57
471,1,DEAN,SAUER,DEAN.SAUER@sakilacustomer.org,476,2.48E+11,0,1,14/02/2006 22:04,15/02/2006 04:57
472,1,GREG,ROBINS,GREG.ROBINS@sakilacustomer.org,477,2.06E+11,0,1,14/02/2006 22:04,15/02/2006 04:57
473,2,JORGE,OLIVARES,JORGE.OLIVARES@sakilacustomer.org,478,9.33E+11,0,1,14/02/2006 22:04,15/02/2006 04:57
474,2,DUSTIN,GILLETTE,DUSTIN.GILLETTE@sakilacustomer.org,479,1.32E+11,0,1,14/02/2006 22:04,15/02/2006 04:57
475,2,PEDRO,CHESTNUT,PEDRO.CHESTNUT@sakilacustomer.org,480,7.27E+11,0,1,14/02/2006 22:04,15/02/2006 04:57
476,1,DERRICK,BOURQUE,DERRICK.BOURQUE@sakilacustomer.org,481,8.57E+11,0,1,14/02/2006 22:04,15/02/2006 04:57
477,1,DAN,PAINE,DAN.PAINE@sakilacustomer.org,482,5.53E+11,0,1,14/02/2006 22:04,15/02/2006 04:57
478,1,LEWIS,LYMAN,LEWIS.LYMAN@sakilacustomer.org,483,6.68E+11,0,1,14/02/2006 22:04,15/02/2006 04:57
479,1,ZACHARY,HITE,ZACHARY.HITE@sakilacustomer.org,484,1.92E+11,0,1,14/02/2006 22:04,15/02/2006 04:57
480,1,COREY,HAUSER,COREY.HAUSER@sakilacustomer.org,485,4.35E+11,0,1,14/02/2006 22:04,15/02/2006 04:57
481,1,HERMAN,DEVORE,HERMAN.DEVORE@sakilacustomer.org,486,5.10E+11,0,1,14/02/2006 22:04,15/02/2006 04:57
482,1,MAURICE,CRAWLEY,MAURICE.CRAWLEY@sakilacustomer.org,487,6.85E+11,0,0,14/02/2006 22:04,15/02/2006 04:57
483,2,VERNON,CHAPA,VERNON.CHAPA@sakilacustomer.org,488,9.75E+11,0,1,14/02/2006 22:04,15/02/2006 04:57
484,1,ROBERTO,VU,ROBERTO.VU@sakilacustomer.org,489,5.08E+11,0,1,14/02/2006 22:04,15/02/2006 04:57
485,1,CLYDE,TOBIAS,CLYDE.TOBIAS@sakilacustomer.org,490,7.03E+11,0,1,14/02/2006 22:04,15/02/2006 04:57
486,1,GLEN,TALBERT,GLEN.TALBERT@sakilacustomer.org,491,9.37E+11,0,1,14/02/2006 22:04,15/02/2006 04:57
487,2,HECTOR,POINDEXTER,HECTOR.POINDEXTER@sakilacustomer.org,492,5.89E+11,0,1,14/02/2006 22:04,15/02/2006 04:57
488,2,SHANE,MILLARD,SHANE.MILLARD@sakilacustomer.org,493,4.88E+11,0,1,14/02/2006 22:04,15/02/2006 04:57
489,1,RICARDO,MEADOR,RICARDO.MEADOR@sakilacustomer.org,494,37247325001,0,1,14/02/2006 22:04,15/02/2006 04:57
490,1,SAM,MCDUFFIE,SAM.MCDUFFIE@sakilacustomer.org,495,17305839123,0,1,14/02/2006 22:04,15/02/2006 04:57
491,2,RICK,MATTOX,RICK.MATTOX@sakilacustomer.org,496,1.72E+11,0,1,14/02/2006 22:04,15/02/2006 04:57
492,2,LESTER,KRAUS,LESTER.KRAUS@sakilacustomer.org,497,1.58E+11,0,1,14/02/2006 22:04,15/02/2006 04:57
493,1,BRENT,HARKINS,BRENT.HARKINS@sakilacustomer.org,498,8.54E+11,0,1,14/02/2006 22:04,15/02/2006 04:57
494,2,RAMON,CHOATE,RAMON.CHOATE@sakilacustomer.org,499,8.99E+11,0,1,14/02/2006 22:04,15/02/2006 04:57
495,2,CHARLIE,BESS,CHARLIE.BESS@sakilacustomer.org,500,9.62E+11,0,1,14/02/2006 22:04,15/02/2006 04:57
496,2,TYLER,WREN,TYLER.WREN@sakilacustomer.org,501,2.11E+11,0,1,14/02/2006 22:04,15/02/2006 04:57
497,2,GILBERT,SLEDGE,GILBERT.SLEDGE@sakilacustomer.org,502,9.59E+11,0,1,14/02/2006 22:04,15/02/2006 04:57
498,1,GENE,SANBORN,GENE.SANBORN@sakilacustomer.org,503,1.44E+11,0,1,14/02/2006 22:04,15/02/2006 04:57
499,2,MARC,OUTLAW,MARC.OUTLAW@sakilacustomer.org,504,4.66E+11,0,1,14/02/2006 22:04,15/02/2006 04:57
500,1,REGINALD,KINDER,REGINALD.KINDER@sakilacustomer.org,505,7.94E+11,0,1,14/02/2006 22:04,15/02/2006 04:57
501,1,RUBEN,GEARY,RUBEN.GEARY@sakilacustomer.org,506,52709222667,0,1,14/02/2006 22:04,15/02/2006 04:57
502,1,BRETT,CORNWELL,BRETT.CORNWELL@sakilacustomer.org,507,8.69E+11,0,1,14/02/2006 22:04,15/02/2006 04:57
503,1,ANGEL,BARCLAY,ANGEL.BARCLAY@sakilacustomer.org,508,7.60E+11,0,1,14/02/2006 22:04,15/02/2006 04:57
504,1,NATHANIEL,ADAM,NATHANIEL.ADAM@sakilacustomer.org,509,1.11E+11,0,1,14/02/2006 22:04,15/02/2006 04:57
505,1,RAFAEL,ABNEY,RAFAEL.ABNEY@sakilacustomer.org,510,82671830126,0,1,14/02/2006 22:04,15/02/2006 04:57
506,2,LESLIE,SEWARD,LESLIE.SEWARD@sakilacustomer.org,511,1.31E+11,0,1,14/02/2006 22:04,15/02/2006 04:57
507,2,EDGAR,RHOADS,EDGAR.RHOADS@sakilacustomer.org,512,4.03E+11,0,1,14/02/2006 22:04,15/02/2006 04:57
508,2,MILTON,HOWLAND,MILTON.HOWLAND@sakilacustomer.org,513,4.42E+11,0,1,14/02/2006 22:04,15/02/2006 04:57
509,1,RAUL,FORTIER,RAUL.FORTIER@sakilacustomer.org,514,4.43E+11,0,1,14/02/2006 22:04,15/02/2006 04:57
510,2,BEN,EASTER,BEN.EASTER@sakilacustomer.org,515,7.12E+11,0,0,14/02/2006 22:04,15/02/2006 04:57
511,1,CHESTER,BENNER,CHESTER.BENNER@sakilacustomer.org,516,59634255214,0,1,14/02/2006 22:04,15/02/2006 04:57
512,1,CECIL,VINES,CECIL.VINES@sakilacustomer.org,517,8.79E+11,0,1,14/02/2006 22:04,15/02/2006 04:57
513,2,DUANE,TUBBS,DUANE.TUBBS@sakilacustomer.org,519,2.83E+11,0,1,14/02/2006 22:04,15/02/2006 04:57
514,2,FRANKLIN,TROUTMAN,FRANKLIN.TROUTMAN@sakilacustomer.org,520,2.89E+11,0,1,14/02/2006 22:04,15/02/2006 04:57
515,1,ANDRE,RAPP,ANDRE.RAPP@sakilacustomer.org,521,6.02E+11,0,1,14/02/2006 22:04,15/02/2006 04:57
516,2,ELMER,NOE,ELMER.NOE@sakilacustomer.org,522,4.49E+11,0,1,14/02/2006 22:04,15/02/2006 04:57
517,2,BRAD,MCCURDY,BRAD.MCCURDY@sakilacustomer.org,523,6.27E+11,0,1,14/02/2006 22:04,15/02/2006 04:57
518,1,GABRIEL,HARDER,GABRIEL.HARDER@sakilacustomer.org,524,1.58E+11,0,1,14/02/2006 22:04,15/02/2006 04:57
519,2,RON,DELUCA,RON.DELUCA@sakilacustomer.org,525,1.32E+11,0,1,14/02/2006 22:04,15/02/2006 04:57
520,2,MITCHELL,WESTMORELAND,MITCHELL.WESTMORELAND@sakilacustomer.org,526,5.75E+11,0,1,14/02/2006 22:04,15/02/2006 04:57
521,2,ROLAND,SOUTH,ROLAND.SOUTH@sakilacustomer.org,527,25865528181,0,1,14/02/2006 22:04,15/02/2006 04:57
522,2,ARNOLD,HAVENS,ARNOLD.HAVENS@sakilacustomer.org,528,2.37E+11,0,1,14/02/2006 22:04,15/02/2006 04:57
523,1,HARVEY,GUAJARDO,HARVEY.GUAJARDO@sakilacustomer.org,529,6.38E+11,0,1,14/02/2006 22:04,15/02/2006 04:57
524,1,JARED,ELY,JARED.ELY@sakilacustomer.org,530,35533115997,0,1,14/02/2006 22:04,15/02/2006 04:57
525,2,ADRIAN,CLARY,ADRIAN.CLARY@sakilacustomer.org,531,1.82E+11,0,1,14/02/2006 22:04,15/02/2006 04:57
526,2,KARL,SEAL,KARL.SEAL@sakilacustomer.org,532,2.15E+11,0,1,14/02/2006 22:04,15/02/2006 04:57
527,1,CORY,MEEHAN,CORY.MEEHAN@sakilacustomer.org,533,3.38E+11,0,1,14/02/2006 22:04,15/02/2006 04:57
528,1,CLAUDE,HERZOG,CLAUDE.HERZOG@sakilacustomer.org,534,1.06E+11,0,1,14/02/2006 22:04,15/02/2006 04:57
529,2,ERIK,GUILLEN,ERIK.GUILLEN@sakilacustomer.org,535,80593242951,0,1,14/02/2006 22:04,15/02/2006 04:57
530,2,DARRYL,ASHCRAFT,DARRYL.ASHCRAFT@sakilacustomer.org,536,7.18E+11,0,1,14/02/2006 22:04,15/02/2006 04:57
531,2,JAMIE,WAUGH,JAMIE.WAUGH@sakilacustomer.org,537,4.27E+11,0,1,14/02/2006 22:04,15/02/2006 04:57
532,2,NEIL,RENNER,NEIL.RENNER@sakilacustomer.org,538,4.78E+11,0,1,14/02/2006 22:04,15/02/2006 04:57
533,1,JESSIE,MILAM,JESSIE.MILAM@sakilacustomer.org,539,3.83E+11,0,1,14/02/2006 22:04,15/02/2006 04:57
534,1,CHRISTIAN,JUNG,CHRISTIAN.JUNG@sakilacustomer.org,540,1.23E+11,0,0,14/02/2006 22:04,15/02/2006 04:57
535,1,JAVIER,ELROD,JAVIER.ELROD@sakilacustomer.org,541,8912935608,0,1,14/02/2006 22:04,15/02/2006 04:57
536,2,FERNANDO,CHURCHILL,FERNANDO.CHURCHILL@sakilacustomer.org,542,7.45E+11,0,1,14/02/2006 22:04,15/02/2006 04:57
537,2,CLINTON,BUFORD,CLINTON.BUFORD@sakilacustomer.org,543,4.85E+11,0,1,14/02/2006 22:04,15/02/2006 04:57
538,2,TED,BREAUX,TED.BREAUX@sakilacustomer.org,544,4.89E+11,0,1,14/02/2006 22:04,15/02/2006 04:57
539,1,MATHEW,BOLIN,MATHEW.BOLIN@sakilacustomer.org,545,7.55E+11,0,1,14/02/2006 22:04,15/02/2006 04:57
540,1,TYRONE,ASHER,TYRONE.ASHER@sakilacustomer.org,546,9.32E+11,0,1,14/02/2006 22:04,15/02/2006 04:57
541,2,DARREN,WINDHAM,DARREN.WINDHAM@sakilacustomer.org,547,9.22E+11,0,1,14/02/2006 22:04,15/02/2006 04:57
542,2,LONNIE,TIRADO,LONNIE.TIRADO@sakilacustomer.org,548,7.85E+11,0,1,14/02/2006 22:04,15/02/2006 04:57
543,1,LANCE,PEMBERTON,LANCE.PEMBERTON@sakilacustomer.org,549,7.86E+11,0,1,14/02/2006 22:04,15/02/2006 04:57
544,2,CODY,NOLEN,CODY.NOLEN@sakilacustomer.org,550,1.69E+11,0,1,14/02/2006 22:04,15/02/2006 04:57
545,2,JULIO,NOLAND,JULIO.NOLAND@sakilacustomer.org,551,4.26E+11,0,1,14/02/2006 22:04,15/02/2006 04:57
546,1,KELLY,KNOTT,KELLY.KNOTT@sakilacustomer.org,552,3.58E+11,0,1,14/02/2006 22:04,15/02/2006 04:57
547,1,KURT,EMMONS,KURT.EMMONS@sakilacustomer.org,553,1.35E+11,0,1,14/02/2006 22:04,15/02/2006 04:57
548,1,ALLAN,CORNISH,ALLAN.CORNISH@sakilacustomer.org,554,50898428626,0,1,14/02/2006 22:04,15/02/2006 04:57
549,1,NELSON,CHRISTENSON,NELSON.CHRISTENSON@sakilacustomer.org,555,84794532510,0,1,14/02/2006 22:04,15/02/2006 04:57
550,2,GUY,BROWNLEE,GUY.BROWNLEE@sakilacustomer.org,556,9.78E+11,0,1,14/02/2006 22:04,15/02/2006 04:57
551,2,CLAYTON,BARBEE,CLAYTON.BARBEE@sakilacustomer.org,557,3.80E+11,0,1,14/02/2006 22:04,15/02/2006 04:57
552,2,HUGH,WALDROP,HUGH.WALDROP@sakilacustomer.org,558,9.55E+11,0,1,14/02/2006 22:04,15/02/2006 04:57
553,1,MAX,PITT,MAX.PITT@sakilacustomer.org,559,6.98E+11,0,1,14/02/2006 22:04,15/02/2006 04:57
554,1,DWAYNE,OLVERA,DWAYNE.OLVERA@sakilacustomer.org,560,62127829280,0,1,14/02/2006 22:04,15/02/2006 04:57
555,1,DWIGHT,LOMBARDI,DWIGHT.LOMBARDI@sakilacustomer.org,561,3.69E+11,0,1,14/02/2006 22:04,15/02/2006 04:57
556,2,ARMANDO,GRUBER,ARMANDO.GRUBER@sakilacustomer.org,562,5.91E+11,0,1,14/02/2006 22:04,15/02/2006 04:57
557,1,FELIX,GAFFNEY,FELIX.GAFFNEY@sakilacustomer.org,563,1.07E+11,0,1,14/02/2006 22:04,15/02/2006 04:57
558,1,JIMMIE,EGGLESTON,JIMMIE.EGGLESTON@sakilacustomer.org,564,9.71E+11,0,0,14/02/2006 22:04,15/02/2006 04:57
559,2,EVERETT,BANDA,EVERETT.BANDA@sakilacustomer.org,565,8.55E+11,0,1,14/02/2006 22:04,15/02/2006 04:57
560,1,JORDAN,ARCHULETA,JORDAN.ARCHULETA@sakilacustomer.org,566,8.18E+11,0,1,14/02/2006 22:04,15/02/2006 04:57
561,2,IAN,STILL,IAN.STILL@sakilacustomer.org,567,2.39E+11,0,1,14/02/2006 22:04,15/02/2006 04:57
562,1,WALLACE,SLONE,WALLACE.SLONE@sakilacustomer.org,568,9.46E+11,0,1,14/02/2006 22:04,15/02/2006 04:57
563,2,KEN,PREWITT,KEN.PREWITT@sakilacustomer.org,569,9.97E+11,0,1,14/02/2006 22:04,15/02/2006 04:57
564,2,BOB,PFEIFFER,BOB.PFEIFFER@sakilacustomer.org,570,2.03E+11,0,1,14/02/2006 22:04,15/02/2006 04:57
565,2,JAIME,NETTLES,JAIME.NETTLES@sakilacustomer.org,571,8.63E+11,0,1,14/02/2006 22:04,15/02/2006 04:57
566,1,CASEY,MENA,CASEY.MENA@sakilacustomer.org,572,5.26E+11,0,1,14/02/2006 22:04,15/02/2006 04:57
567,2,ALFREDO,MCADAMS,ALFREDO.MCADAMS@sakilacustomer.org,573,3.24E+11,0,1,14/02/2006 22:04,15/02/2006 04:57
568,2,ALBERTO,HENNING,ALBERTO.HENNING@sakilacustomer.org,574,6.18E+11,0,1,14/02/2006 22:04,15/02/2006 04:57
569,2,DAVE,GARDINER,DAVE.GARDINER@sakilacustomer.org,575,1.28E+11,0,1,14/02/2006 22:04,15/02/2006 04:57
570,2,IVAN,CROMWELL,IVAN.CROMWELL@sakilacustomer.org,576,2.04E+11,0,1,14/02/2006 22:04,15/02/2006 04:57
571,2,JOHNNIE,CHISHOLM,JOHNNIE.CHISHOLM@sakilacustomer.org,577,7.71E+11,0,1,14/02/2006 22:04,15/02/2006 04:57
572,1,SIDNEY,BURLESON,SIDNEY.BURLESON@sakilacustomer.org,578,8.67E+11,0,1,14/02/2006 22:04,15/02/2006 04:57
573,1,BYRON,BOX,BYRON.BOX@sakilacustomer.org,579,8.44E+11,0,1,14/02/2006 22:04,15/02/2006 04:57
574,2,JULIAN,VEST,JULIAN.VEST@sakilacustomer.org,580,3.16E+11,0,1,14/02/2006 22:04,15/02/2006 04:57
575,2,ISAAC,OGLESBY,ISAAC.OGLESBY@sakilacustomer.org,581,14465669789,0,1,14/02/2006 22:04,15/02/2006 04:57
576,2,MORRIS,MCCARTER,MORRIS.MCCARTER@sakilacustomer.org,582,2.79E+11,0,1,14/02/2006 22:04,15/02/2006 04:57
577,2,CLIFTON,MALCOLM,CLIFTON.MALCOLM@sakilacustomer.org,583,29341849811,0,1,14/02/2006 22:04,15/02/2006 04:57
578,2,WILLARD,LUMPKIN,WILLARD.LUMPKIN@sakilacustomer.org,584,3.78E+11,0,1,14/02/2006 22:04,15/02/2006 04:57
579,2,DARYL,LARUE,DARYL.LARUE@sakilacustomer.org,585,9.55E+11,0,1,14/02/2006 22:04,15/02/2006 04:57
580,1,ROSS,GREY,ROSS.GREY@sakilacustomer.org,586,1.65E+11,0,1,14/02/2006 22:04,15/02/2006 04:57
581,1,VIRGIL,WOFFORD,VIRGIL.WOFFORD@sakilacustomer.org,587,2.94E+11,0,1,14/02/2006 22:04,15/02/2006 04:57
582,2,ANDY,VANHORN,ANDY.VANHORN@sakilacustomer.org,588,9.96E+11,0,1,14/02/2006 22:04,15/02/2006 04:57
583,1,MARSHALL,THORN,MARSHALL.THORN@sakilacustomer.org,589,2.86E+11,0,1,14/02/2006 22:04,15/02/2006 04:57
584,2,SALVADOR,TEEL,SALVADOR.TEEL@sakilacustomer.org,590,1.70E+11,0,1,14/02/2006 22:04,15/02/2006 04:57
585,1,PERRY,SWAFFORD,PERRY.SWAFFORD@sakilacustomer.org,591,9.14E+11,0,1,14/02/2006 22:04,15/02/2006 04:57
586,1,KIRK,STCLAIR,KIRK.STCLAIR@sakilacustomer.org,592,1.82E+11,0,1,14/02/2006 22:04,15/02/2006 04:57
587,1,SERGIO,STANFIELD,SERGIO.STANFIELD@sakilacustomer.org,593,3.87E+11,0,1,14/02/2006 22:04,15/02/2006 04:57
588,1,MARION,OCAMPO,MARION.OCAMPO@sakilacustomer.org,594,3.39E+11,0,1,14/02/2006 22:04,15/02/2006 04:57
589,1,TRACY,HERRMANN,TRACY.HERRMANN@sakilacustomer.org,595,1.54E+11,0,1,14/02/2006 22:04,15/02/2006 04:57
590,2,SETH,HANNON,SETH.HANNON@sakilacustomer.org,596,8.64E+11,0,1,14/02/2006 22:04,15/02/2006 04:57
591,1,KENT,ARSENAULT,KENT.ARSENAULT@sakilacustomer.org,597,4.11E+11,0,1,14/02/2006 22:04,15/02/2006 04:57
592,1,TERRANCE,ROUSH,TERRANCE.ROUSH@sakilacustomer.org,598,4.38E+11,0,0,14/02/2006 22:04,15/02/2006 04:57
593,2,RENE,MCALISTER,RENE.MCALISTER@sakilacustomer.org,599,1.38E+11,0,1,14/02/2006 22:04,15/02/2006 04:57
594,1,EDUARDO,HIATT,EDUARDO.HIATT@sakilacustomer.org,600,6.41E+11,0,1,14/02/2006 22:04,15/02/2006 04:57
595,1,TERRENCE,GUNDERSON,TERRENCE.GUNDERSON@sakilacustomer.org,601,9.36E+11,0,1,14/02/2006 22:04,15/02/2006 04:57
596,1,ENRIQUE,FORSYTHE,ENRIQUE.FORSYTHE@sakilacustomer.org,602,2.00E+11,0,1,14/02/2006 22:04,15/02/2006 04:57
597,1,FREDDIE,DUGGAN,FREDDIE.DUGGAN@sakilacustomer.org,603,6.44E+11,0,1,14/02/2006 22:04,15/02/2006 04:57
598,1,WADE,DELVALLE,WADE.DELVALLE@sakilacustomer.org,604,1.45E+11,0,1,14/02/2006 22:04,15/02/2006 04:57
599,2,AUSTIN,CINTRON,AUSTIN.CINTRON@sakilacustomer.org,605,2.88E+11,0,1,14/02/2006 22:04,15/02/2006 04:57
